CBSA Code,metroname,m_t_a_10,m_w_a_10,m_b_a_10,m_h_a_10,m_a_a_10,m_o_a_10,m_pw_a_10,m_pb_a_10,m_ph_a_10,m_pa_a_10,m_po_a_10,m_dwb_a_10,m_dwh_a_10,m_dwa_a_10,m_dbw_a_10,m_dbh_a_10,m_dba_a_10,m_dhw_a_10,m_dhb_a_10,m_dha_a_10,m_daw_a_10,m_dab_a_10,m_dah_a_10
10180,"Abilene, TX Metropolitan Statistical Area","165,252","112,735","12,855","35,108","2,921","1,633",68.22,7.78,21.25,1.77,0.99,43,35.57,29.68,43,27.78,39.7,35.57,27.78,43.68,29.68,39.7,43.68
10420,"Akron, OH Metropolitan Statistical Area","703,200","579,151","91,761","10,733","16,968","4,587",82.36,13.05,1.53,2.41,0.65,57.87,24.98,36.75,57.87,41.67,53.8,24.98,41.67,27.67,36.75,53.8,27.67
10500,"Albany, GA Metropolitan Statistical Area","157,308","68,820","82,674","3,270","1,825",719,43.75,52.56,2.08,1.16,0.46,51.91,36.82,33.35,51.91,32.9,56.01,36.82,32.9,40.08,33.35,56.01,40.08
10580,"Albany-Schenectady-Troy, NY Metropolitan Statistical Area","870,716","721,505","72,632","36,027","32,214","8,338",82.86,8.34,4.14,3.7,0.96,58.6,38.85,40.5,58.6,23.86,49.11,38.85,23.86,37.49,40.5,49.11,37.49
10740,"Albuquerque, NM Metropolitan Statistical Area","887,077","374,214","24,613","414,222","22,371","51,657",42.19,2.77,46.7,2.52,5.82,29.22,36.36,24.79,29.22,30.41,27.77,36.36,30.41,43.64,24.79,27.77,43.64
10780,"Alexandria, LA Metropolitan Statistical Area","153,922","98,984","46,461","4,349","2,027","2,101",64.31,30.18,2.83,1.32,1.36,59.48,36.01,38.12,59.48,56.85,51.38,36.01,56.85,43.08,38.12,51.38,43.08
10900,"Allentown-Bethlehem-Easton, PA-NJ Metropolitan Statistical Area","821,173","645,741","40,962","106,598","23,655","4,217",78.64,4.99,12.98,2.88,0.51,45.81,55.43,35.68,45.81,24.85,42.2,55.43,24.85,52.9,35.68,42.2,52.9
11020,"Altoona, PA Metropolitan Statistical Area","127,089","121,495","2,903","1,230",987,474,95.6,2.28,0.97,0.78,0.37,40.37,22.37,30.04,40.37,24.91,45.73,22.37,24.91,33.09,30.04,45.73,33.09
11100,"Amarillo, TX Metropolitan Statistical Area","249,881","160,881","16,119","63,116","7,109","2,656",64.38,6.45,25.26,2.84,1.06,56.3,45.5,53.8,56.3,35.43,55.88,45.5,35.43,52.44,53.8,55.88,52.44
11180,"Ames, IA Metropolitan Statistical Area","89,542","77,812","2,634","2,695","5,938",463,86.9,2.94,3.01,6.63,0.52,31.88,18.78,35.53,31.88,18.49,25.53,18.78,18.49,27.89,35.53,25.53,27.89
11260,"Anchorage, AK Metropolitan Statistical Area","380,821","256,490","22,072","25,362","37,268","39,629",67.35,5.8,6.66,9.79,10.41,41.25,29.1,40.17,41.25,20.27,21.3,29.1,20.27,17.7,40.17,21.3,17.7
11300,"Anderson, IN Metropolitan Statistical Area","131,636","113,577","12,168","4,189",835,867,86.28,9.24,3.18,0.63,0.66,52.49,33.79,19.06,52.49,36.48,54.18,33.79,36.48,38.78,19.06,54.18,38.78
11340,"Anderson, SC Metropolitan Statistical Area","187,126","147,362","31,343","5,447","1,758","1,216",78.75,16.75,2.91,0.94,0.65,40.71,26.35,33.52,40.71,33.36,50.93,26.35,33.36,35.53,33.52,50.93,35.53
11460,"Ann Arbor, MI Metropolitan Statistical Area","344,791","248,675","48,202","13,860","30,762","3,292",72.12,13.98,4.02,8.92,0.95,52.79,24.83,44.09,52.79,38.57,58.74,24.83,38.57,40.31,44.09,58.74,40.31
11500,"Anniston-Oxford, AL Metropolitan Statistical Area","118,572","87,285","25,036","3,893","1,242","1,116",73.61,21.11,3.28,1.05,0.94,44.24,32.4,27.26,44.24,42.4,43.7,32.4,42.4,32.32,27.26,43.7,32.32
11540,"Appleton, WI Metropolitan Statistical Area","225,666","203,691","2,984","8,049","7,017","3,925",90.26,1.32,3.57,3.11,1.74,33.93,24.86,40.66,33.93,22.32,28.23,24.86,22.32,33.37,40.66,28.23,33.37
11700,"Asheville, NC Metropolitan Statistical Area","424,858","366,448","21,883","27,100","5,295","4,132",86.25,5.15,6.38,1.25,0.97,46.15,35.29,28.04,46.15,42.62,40.43,35.29,42.62,34.94,28.04,40.43,34.94
12020,"Athens-Clarke County, GA Metropolitan Statistical Area","192,541","130,515","38,543","15,313","7,084","1,086",67.79,20.02,7.95,3.68,0.56,41.66,44.95,34.39,41.66,31,49.28,44.95,31,51.57,34.39,49.28,51.57
12060,"Atlanta-Sandy Springs-Marietta, GA Metropolitan Statistical Area","5,268,860","2,671,757","1,733,046","547,400","279,112","37,545",50.71,32.89,10.39,5.3,0.71,58.35,49.45,46.24,58.35,51.43,61.24,49.45,51.43,45.63,46.24,61.24,45.63
12100,"Atlantic City-Hammonton, NJ Metropolitan Statistical Area","274,549","160,871","43,524","46,241","22,225","1,688",58.59,15.85,16.84,8.1,0.61,56.75,46.93,50.59,56.75,34.23,54.17,46.93,34.23,35.65,50.59,54.17,35.65
12220,"Auburn-Opelika, AL Metropolitan Statistical Area","140,247","97,900","32,543","4,571","4,236",997,69.81,23.2,3.26,3.02,0.71,33.68,24.61,37.56,33.68,33.28,42.76,24.61,33.28,32.29,37.56,42.76,32.29
12260,"Augusta-Richmond County, GA-SC Metropolitan Statistical Area","556,877","314,669","200,426","24,712","12,707","4,363",56.51,35.99,4.44,2.28,0.78,44.62,29.88,36.4,44.62,38.34,52.54,29.88,38.34,40.56,36.4,52.54,40.56
12420,"Austin-Round Rock-San Marcos, TX Metropolitan Statistical Area","1,716,289","938,474","130,764","538,313","94,105","14,633",54.68,7.62,31.36,5.48,0.85,48.4,43.23,38.27,48.4,30.38,49.82,43.23,30.38,55.13,38.27,49.82,55.13
12540,"Bakersfield-Delano, CA Metropolitan Statistical Area","839,631","323,794","50,417","413,033","39,441","12,946",38.56,6,49.19,4.7,1.54,50.33,52.33,40.62,50.33,39.9,47.97,52.33,39.9,47.86,40.62,47.97,47.86
12580,"Baltimore-Towson, MD Metropolitan Statistical Area","2,710,489","1,626,199","801,032","123,754","140,840","18,664",60,29.55,4.57,5.2,0.69,64.31,39.76,40.89,64.31,50.45,59.65,39.76,50.45,40.17,40.89,59.65,40.17
12620,"Bangor, ME Metropolitan Statistical Area","153,923","145,700","1,685","1,620","1,889","3,029",94.66,1.09,1.05,1.23,1.97,29.02,18.53,31.28,29.02,19.49,21.73,18.53,19.49,24.18,31.28,21.73,24.18
12700,"Barnstable Town, MA Metropolitan Statistical Area","215,888","197,327","5,658","4,687","3,070","5,146",91.4,2.62,2.17,1.42,2.38,30.72,23.06,17.43,30.72,14.59,26.34,23.06,14.59,22.55,17.43,26.34,22.55
12940,"Baton Rouge, LA Metropolitan Statistical Area","802,484","465,308","288,870","27,357","16,204","4,745",57.98,36,3.41,2.02,0.59,57.15,32.73,47.81,57.15,50.63,61.08,32.73,50.63,40.01,47.81,61.08,40.01
12980,"Battle Creek, MI Metropolitan Statistical Area","136,146","108,664","16,916","6,177","2,683","1,706",79.81,12.42,4.54,1.97,1.25,54.44,32.4,41.5,54.44,34.59,60.9,32.4,34.59,44.71,41.5,60.9,44.71
13020,"Bay City, MI Metropolitan Statistical Area","107,771","98,241","2,498","5,093",780,"1,159",91.16,2.32,4.73,0.72,1.08,39.72,28.25,19.72,39.72,19.83,41.05,28.25,19.83,31.29,19.72,41.05,31.29
13140,"Beaumont-Port Arthur, TX Metropolitan Statistical Area","388,745","228,486","96,684","50,049","10,608","2,918",58.78,24.87,12.87,2.73,0.75,67.27,50.81,51.17,67.27,46.11,53.68,50.81,46.11,39.8,51.17,53.68,39.8
13380,"Bellingham, WA Metropolitan Statistical Area","201,140","164,675","3,171","15,756","10,205","7,333",81.87,1.58,7.83,5.07,3.65,18.46,22.6,20.57,18.46,26.54,14.38,22.6,26.54,28.18,20.57,14.38,28.18
13460,"Bend, OR Metropolitan Statistical Area","157,733","139,470","1,066","11,718","2,768","2,711",88.42,0.68,7.43,1.75,1.72,16.38,24.16,12.9,16.38,17.4,13.62,24.16,17.4,21.9,12.9,13.62,21.9
13644,"Bethesda-Rockville-Frederick, MD Metropolitan Division","1,205,162","660,410","194,688","182,533","158,504","9,027",54.8,16.15,15.15,13.15,0.75,47.92,48.79,37.5,47.92,28.03,37.24,48.79,28.03,36.39,37.5,37.24,36.39
13740,"Billings, MT Metropolitan Statistical Area","158,050","140,131","1,703","7,143","1,743","7,330",88.66,1.08,4.52,1.1,4.64,24.92,24.6,14.67,24.92,13.96,23,24.6,13.96,24.67,14.67,23,24.67
13780,"Binghamton, NY Metropolitan Statistical Area","251,725","222,179","11,810","7,472","8,537","1,727",88.26,4.69,2.97,3.39,0.69,48.78,37.24,46.94,48.78,17.81,38.85,37.24,17.81,33.97,46.94,38.85,33.97
13820,"Birmingham-Hoover, AL Metropolitan Statistical Area","1,128,047","733,656","322,183","48,530","16,501","7,177",65.04,28.56,4.3,1.46,0.64,65.22,44.52,43.44,65.22,57.06,69.45,44.52,57.06,51.47,43.44,69.45,51.47
13900,"Bismarck, ND Metropolitan Statistical Area","108,779","100,591",946,"1,386",757,"5,099",92.47,0.87,1.27,0.7,4.69,23.51,15.59,21.26,23.51,18.68,26.73,15.59,18.68,28.59,21.26,26.73,28.59
13980,"Blacksburg-Christiansburg-Radford, VA Metropolitan Statistical Area","162,958","143,718","8,077","3,562","6,599","1,002",88.19,4.96,2.19,4.05,0.61,23.28,23.14,55.81,23.28,26.53,55.31,23.14,26.53,38.7,55.81,55.31,38.7
14020,"Bloomington, IN Metropolitan Statistical Area","192,714","172,163","5,837","4,549","8,655","1,510",89.34,3.03,2.36,4.49,0.78,43.07,28.75,48.91,43.07,20.46,32.68,28.75,20.46,35.24,48.91,32.68,35.24
14060,"Bloomington-Normal, IL Metropolitan Statistical Area","169,572","138,835","14,170","7,434","8,131","1,002",81.87,8.36,4.38,4.8,0.59,35.14,28.38,48.05,35.14,22.33,50.22,28.38,22.33,48.46,48.05,50.22,48.46
14260,"Boise City-Nampa, ID Metropolitan Statistical Area","616,561","505,202","7,578","77,538","17,510","8,733",81.94,1.23,12.58,2.84,1.42,24.57,36.19,22.2,24.57,43.81,21.31,36.19,43.81,46.61,22.2,21.31,46.61
14460,"Boston-Cambridge-Quincy, MA-NH Metropolitan Statistical Area","4,552,402","3,408,585","337,751","410,516","324,547","71,003",74.87,7.42,9.02,7.13,1.56,61.5,59.58,43.38,61.5,45.66,54.99,59.58,45.66,55.32,43.38,54.99,55.32
14484,"Boston-Quincy, MA Metropolitan Division","1,887,792","1,301,078","234,230","181,078","134,625","36,781",68.92,12.41,9.59,7.13,1.95,67.84,62.02,47.39,67.84,43.16,62.7,62.02,43.16,57.68,47.39,62.7,57.68
14500,"Boulder, CO Metropolitan Statistical Area","294,567","233,741","3,450","39,276","15,250","2,850",79.35,1.17,13.33,5.18,0.97,16.75,38.69,25.56,16.75,34.1,22.1,38.69,34.1,46.68,25.56,22.1,46.68
14540,"Bowling Green, KY Metropolitan Statistical Area","125,953","104,540","11,534","5,274","3,703",902,83,9.16,4.19,2.94,0.72,37.7,38.12,38.75,37.7,21.11,36.02,38.12,21.11,35.92,38.75,36.02,35.92
14740,"Bremerton-Silverdale, WA Metropolitan Statistical Area","251,133","198,745","9,370","15,686","20,309","7,023",79.14,3.73,6.25,8.09,2.8,36.74,19.35,23.9,36.74,20.24,25.46,19.35,20.24,19.71,23.9,25.46,19.71
14860,"Bridgeport-Stamford-Norwalk, CT Metropolitan Statistical Area","916,829","606,716","98,695","155,025","47,117","9,276",66.18,10.76,16.91,5.14,1.01,66.05,59.15,28.98,66.05,21.07,54.96,59.15,21.07,46.37,28.98,54.96,46.37
15180,"Brownsville-Harlingen, TX Metropolitan Statistical Area","406,220","43,427","1,368","357,747","2,824",854,10.69,0.34,88.07,0.7,0.21,32.25,40.22,37.3,32.25,42.99,34.79,40.22,42.99,49.1,37.3,34.79,49.1
15260,"Brunswick, GA Metropolitan Statistical Area","112,370","77,516","27,001","5,696","1,331",826,68.98,24.03,5.07,1.18,0.74,53.72,42.64,32.91,53.72,30.43,46.06,42.64,30.43,31.65,32.91,46.06,31.65
15380,"Buffalo-Niagara Falls, NY Metropolitan Statistical Area","1,135,509","903,063","144,455","46,425","29,505","12,061",79.53,12.72,4.09,2.6,1.06,70.99,50.74,51,70.99,54.41,64.05,50.74,54.41,46.72,51,64.05,46.72
15500,"Burlington, NC Metropolitan Statistical Area","151,131","101,718","29,405","16,639","2,226","1,143",67.3,19.46,11.01,1.47,0.76,40.76,43.99,33.99,40.76,21.9,38.66,43.99,21.9,42.51,33.99,38.66,42.51
15540,"Burlington-South Burlington, VT Metropolitan Statistical Area","211,261","194,738","4,494","3,507","5,786","2,736",92.18,2.13,1.66,2.74,1.3,36.14,18.7,36.11,36.14,26.7,19.69,18.7,26.7,25.58,36.11,19.69,25.58
15764,"Cambridge-Newton-Framingham, MA Metropolitan Division","1,503,085","1,150,251","75,255","98,350","153,564","25,665",76.53,5.01,6.54,10.22,1.71,44.69,44.08,32.42,44.69,27.37,38,44.08,27.37,38.64,32.42,38,38.64
15804,"Camden, NJ Metropolitan Division","1,250,679","860,364","207,801","115,667","59,405","7,442",68.79,16.62,9.25,4.75,0.6,52.29,50.14,37.1,52.29,32.37,48.99,50.14,32.37,47.84,37.1,48.99,47.84
15940,"Canton-Massillon, OH Metropolitan Statistical Area","404,422","357,541","33,744","6,203","3,805","3,129",88.41,8.34,1.53,0.94,0.77,53.67,23.28,34.78,53.67,37.9,63.45,23.28,37.9,37,34.78,63.45,37
15980,"Cape Coral-Fort Myers, FL Metropolitan Statistical Area","618,754","439,048","51,385","113,308","10,462","4,551",70.96,8.3,18.31,1.69,0.74,59.25,40.2,23.82,59.25,36.24,53.64,40.2,36.24,33.96,23.82,53.64,33.96
16020,"Cape Girardeau-Jackson, MO-IL Metropolitan Statistical Area","96,275","83,552","9,065","1,729","1,178",751,86.78,9.42,1.8,1.22,0.78,57.17,32,37.18,57.17,44.53,49.14,32,44.53,33.26,37.18,49.14,33.26
16180,"Carson City, NV Metropolitan Statistical Area","55,274","39,083","1,195","11,777","1,632","1,587",70.71,2.16,21.31,2.95,2.87,45.75,26.26,16.08,45.75,49.5,43.71,26.26,49.5,26.14,16.08,43.71,26.14
16220,"Casper, WY Metropolitan Statistical Area","75,450","67,191","1,062","5,231",799,"1,167",89.05,1.41,6.93,1.06,1.55,20.63,18.13,16.92,20.63,11.39,18.2,18.13,11.39,20.77,16.92,18.2,20.77
16300,"Cedar Rapids, IA Metropolitan Statistical Area","257,940","233,695","11,500","6,079","5,147","1,519",90.6,4.46,2.36,2,0.59,38.88,24.51,32.8,38.88,21.87,39.53,24.51,21.87,26.46,32.8,39.53,26.46
16580,"Champaign-Urbana, IL Metropolitan Statistical Area","231,891","172,266","27,116","11,068","19,971","1,470",74.29,11.69,4.77,8.61,0.63,52.26,37.12,47.85,52.26,34.54,49.84,37.12,34.54,40,47.85,49.84,40
16620,"Charleston, WV Metropolitan Statistical Area","304,284","279,242","17,256","2,522","3,174","2,090",91.77,5.67,0.83,1.04,0.69,56.85,27.9,44.58,56.85,43.21,49.6,27.9,43.21,30.53,44.58,49.6,30.53
16700,"Charleston-North Charleston-Summerville, SC Metropolitan Statistical Area","664,607","420,240","188,039","35,707","14,412","6,209",63.23,28.29,5.37,2.17,0.93,40.84,39.79,30.87,40.84,35.37,45.61,39.79,35.37,35.12,30.87,45.61,35.12
16740,"Charlotte-Gastonia-Rock Hill, NC-SC Metropolitan Statistical Area","1,758,038","1,076,021","431,726","172,766","62,330","15,195",61.21,24.56,9.83,3.55,0.86,53.08,47.64,41.17,53.08,34.2,44.18,47.64,34.2,42.37,41.17,44.18,42.37
16820,"Charlottesville, VA Metropolitan Statistical Area","201,559","154,343","26,961","9,640","9,267","1,348",76.57,13.38,4.78,4.6,0.67,32.03,31.39,43.16,32.03,27.53,44.52,31.39,27.53,41.39,43.16,44.52,41.39
16860,"Chattanooga, TN-GA Metropolitan Statistical Area","528,143","420,172","76,183","18,690","8,738","4,360",79.56,14.42,3.54,1.65,0.83,62.95,38.84,34.46,62.95,48.79,58.56,38.84,48.79,35.52,34.46,58.56,35.52
16940,"Cheyenne, WY Metropolitan Statistical Area","91,738","74,120","2,762","11,978","1,577","1,301",80.8,3.01,13.06,1.72,1.42,27.32,21.79,16.95,27.32,15.32,20.4,21.79,15.32,24.39,16.95,20.4,24.39
16974,"Chicago-Joliet-Naperville, IL Metropolitan Division","7,883,147","4,156,207","1,471,017","1,698,365","523,539","34,019",52.72,18.66,21.54,6.64,0.43,75.87,56.96,41.7,75.87,71.85,77.49,56.96,71.85,61.66,41.7,77.49,61.66
16980,"Chicago-Joliet-Naperville, IL-IN-WI Metropolitan Statistical Area","9,461,105","5,204,489","1,669,774","1,957,080","586,214","43,548",55.01,17.65,20.69,6.2,0.46,75.15,56.32,42.72,75.15,69.35,77.01,56.32,69.35,61.3,42.72,77.01,61.3
17020,"Chico, CA Metropolitan Statistical Area","220,000","165,416","4,757","31,116","11,608","7,103",75.19,2.16,14.14,5.28,3.23,32.85,24.74,31.85,32.85,28.02,19.33,24.74,28.02,26.27,31.85,19.33,26.27
17140,"Cincinnati-Middletown, OH-KY-IN Metropolitan Statistical Area","2,130,151","1,738,775","273,562","55,120","49,356","13,338",81.63,12.84,2.59,2.32,0.63,66.9,36.87,42.19,66.9,55,66.29,36.87,55,42.28,42.19,66.29,42.28
17300,"Clarksville, TN-KY Metropolitan Statistical Area","273,949","191,406","53,315","18,718","7,412","3,098",69.87,19.46,6.83,2.71,1.13,39.31,39.22,33.96,39.31,24.23,29.04,39.22,24.23,16.92,33.96,29.04,16.92
17420,"Cleveland, TN Metropolitan Statistical Area","115,788","103,851","4,858","4,897","1,109","1,073",89.69,4.2,4.23,0.96,0.93,38.88,30.34,33.75,38.88,20.59,37.2,30.34,20.59,29.31,33.75,37.2,29.31
17460,"Cleveland-Elyria-Mentor, OH Metropolitan Statistical Area","2,077,240","1,490,074","429,802","98,133","47,907","11,324",71.73,20.69,4.72,2.31,0.55,72.56,52.26,37.94,72.56,69.3,71.69,52.26,69.3,57.68,37.94,71.69,57.68
17660,"Coeur d'Alene, ID Metropolitan Statistical Area","138,494","127,454",828,"5,268","1,893","3,051",92.03,0.6,3.8,1.37,2.2,18.56,9.59,14.62,18.56,10.38,16.18,9.59,10.38,10.91,14.62,16.18,10.91
17780,"College Station-Bryan, TX Metropolitan Statistical Area","228,660","136,769","27,498","51,561","11,305","1,527",59.81,12.03,22.55,4.94,0.67,42.51,38.24,42.15,42.51,23.84,63.94,38.24,23.84,59.97,42.15,63.94,59.97
17820,"Colorado Springs, CO Metropolitan Statistical Area","645,613","469,095","45,259","94,959","26,533","9,767",72.66,7.01,14.71,4.11,1.51,37.22,30.26,21.6,37.22,15.17,28.23,30.26,15.17,27.47,21.6,28.23,27.47
17860,"Columbia, MO Metropolitan Statistical Area","172,786","140,917","17,864","5,017","7,225","1,763",81.56,10.34,2.9,4.18,1.02,35.07,23.98,33.01,35.07,16.59,38,23.98,16.59,30.76,33.01,38,30.76
17900,"Columbia, SC Metropolitan Statistical Area","767,598","447,927","259,499","39,153","15,637","5,382",58.35,33.81,5.1,2.04,0.7,48.32,34.9,39.47,48.32,42.87,45.96,34.9,42.87,37.99,39.47,45.96,37.99
17980,"Columbus, GA-AL Metropolitan Statistical Area","294,865","147,518","121,025","16,896","6,888","2,538",50.03,41.04,5.73,2.34,0.86,54.75,36.61,32.98,54.75,40.67,56.38,36.61,40.67,31.87,32.98,56.38,31.87
18020,"Columbus, IN Metropolitan Statistical Area","76,794","66,817","1,841","4,762","2,885",489,87.01,2.4,6.2,3.76,0.64,27.01,33.34,41.22,27.01,35.23,37.03,33.34,35.23,46.05,41.22,37.03,46.05
18140,"Columbus, OH Metropolitan Statistical Area","1,836,536","1,394,399","294,789","66,460","67,071","13,817",75.93,16.05,3.62,3.65,0.75,59.95,41.45,40.14,59.95,40.82,62.61,41.45,40.82,43.69,40.14,62.61,43.69
18580,"Corpus Christi, TX Metropolitan Statistical Area","428,185","155,550","14,581","247,231","7,920","2,903",36.33,3.41,57.74,1.85,0.68,43.29,42.21,33.5,43.29,30.33,45.13,42.21,30.33,53.59,33.5,45.13,53.59
18700,"Corvallis, OR Metropolitan Statistical Area","85,579","71,552","1,164","5,467","5,955","1,441",83.61,1.36,6.39,6.96,1.68,20.41,23.59,25.81,20.41,21.87,19.38,23.59,21.87,34.85,25.81,19.38,34.85
18880,"Crestview-Fort Walton Beach-Destin, FL Metropolitan Statistical Area","180,822","139,500","18,587","12,296","7,856","2,583",77.15,10.28,6.8,4.34,1.43,30.47,22.97,20.53,30.47,22.18,22.94,22.97,22.18,15.93,20.53,22.94,15.93
19060,"Cumberland, MD-WV Metropolitan Statistical Area","103,299","92,937","7,673","1,287",880,522,89.97,7.43,1.25,0.85,0.51,51.87,34.66,33.17,51.87,42.19,49.6,34.66,42.19,38.07,33.17,49.6,38.07
19100,"Dallas-Fort Worth-Arlington, TX Metropolitan Statistical Area","6,371,773","3,201,677","982,634","1,752,166","377,958","57,338",50.25,15.42,27.5,5.93,0.9,55.49,50.27,44.49,55.49,43.39,54.52,50.27,43.39,57.24,44.49,54.52,57.24
19124,"Dallas-Plano-Irving, TX Metropolitan Division","4,235,751","2,002,177","699,410","1,219,348","278,242","36,574",47.27,16.51,28.79,6.57,0.86,55.07,51.93,44.41,55.07,43.52,59.34,51.93,43.52,61.39,44.41,59.34,61.39
19140,"Dalton, GA Metropolitan Statistical Area","142,227","97,484","4,553","37,625","1,704",861,68.54,3.2,26.45,1.2,0.61,36.72,42.93,37.42,36.72,22.58,31.35,42.93,22.58,41.36,37.42,31.35,41.36
19180,"Danville, IL Metropolitan Statistical Area","81,625","65,590","11,351","3,441",724,519,80.36,13.91,4.22,0.89,0.64,68.02,43.05,40.62,68.02,34.19,57.96,43.05,34.19,44.23,40.62,57.96,44.23
19260,"Danville, VA Metropolitan Statistical Area","106,561","67,357","35,367","2,577",734,526,63.21,33.19,2.42,0.69,0.49,37.33,26.38,37.45,37.33,31.7,40.37,26.38,31.7,34.68,37.45,40.37,34.68
19340,"Davenport-Moline-Rock Island, IA-IL Metropolitan Statistical Area","379,690","311,053","29,904","29,024","7,244","2,465",81.92,7.88,7.64,1.91,0.65,47.84,37.75,36.64,47.84,36.78,37.34,37.75,36.78,41.04,36.64,37.34,41.04
19380,"Dayton, OH Metropolitan Statistical Area","841,502","663,353","135,085","17,211","19,384","6,469",78.83,16.05,2.05,2.3,0.77,63.33,27.26,35.99,63.33,57.38,67.19,27.26,57.38,34.86,35.99,67.19,34.86
19460,"Decatur, AL Metropolitan Statistical Area","153,829","119,005","18,926","9,730","1,069","5,099",77.36,12.3,6.33,0.69,3.31,57.77,55.18,27.99,57.77,33.57,47.29,55.18,33.57,46.41,27.99,47.29,46.41
19500,"Decatur, IL Metropolitan Statistical Area","110,768","86,822","19,755","2,072","1,405",714,78.38,17.83,1.87,1.27,0.64,52.55,26.9,35.18,52.55,39.02,62.47,26.9,39.02,34.77,35.18,62.47,34.77
19660,"Deltona-Daytona Beach-Ormond Beach, FL Metropolitan Statistical Area","494,593","372,982","52,947","55,217","9,296","4,151",75.41,10.71,11.16,1.88,0.84,51.39,43.61,21.72,51.39,49.77,49.6,43.61,49.77,45.89,21.72,49.6,45.89
19740,"Denver-Aurora-Broomfield, CO Metropolitan Statistical Area","2,543,482","1,673,709","156,360","571,131","114,345","27,937",65.8,6.15,22.45,4.5,1.1,59.37,48.78,30.03,59.37,49.96,47.73,48.78,49.96,43.44,30.03,47.73,43.44
19780,"Des Moines-West Des Moines, IA Metropolitan Statistical Area","569,633","476,434","31,654","38,004","20,163","3,378",83.64,5.56,6.67,3.54,0.59,48.83,46.71,32.62,48.83,28.77,31.22,46.71,28.77,32.89,32.62,31.22,32.89
19804,"Detroit-Livonia-Dearborn, MI Metropolitan Division","1,820,584","902,180","753,330","95,260","56,157","13,657",49.55,41.38,5.23,3.08,0.75,79.62,51.78,46.52,79.62,76.42,80.04,51.78,76.42,66.34,46.52,80.04,66.34
19820,"Detroit-Warren-Livonia, MI Metropolitan Statistical Area","4,296,250","2,916,144","1,012,098","168,065","166,596","33,347",67.88,23.56,3.91,3.88,0.78,73.95,43.27,46.32,73.95,69.18,74.68,43.27,69.18,59.65,46.32,74.68,59.65
20020,"Dothan, AL Metropolitan Statistical Area","145,639","104,154","34,492","4,304","1,246","1,443",71.52,23.68,2.96,0.86,0.99,45.25,26.05,38.24,45.25,37.47,46.78,26.05,37.47,35.43,38.24,46.78,35.43
20100,"Dover, DE Metropolitan Statistical Area","162,310","105,891","40,889","9,346","4,225","1,959",65.24,25.19,5.76,2.6,1.21,27.28,22.72,27.38,27.28,17.5,20.83,22.72,17.5,24.33,27.38,20.83,24.33
20220,"Dubuque, IA Metropolitan Statistical Area","93,653","86,981","3,032","1,807","1,417",416,92.88,3.24,1.93,1.51,0.44,48.03,25.17,29.83,48.03,25.98,36.69,25.17,25.98,24.6,29.83,36.69,24.6
20260,"Duluth, MN-WI Metropolitan Statistical Area","279,771","257,081","5,554","3,387","3,307","10,442",91.89,1.99,1.21,1.18,3.73,41.83,23.33,29.52,41.83,27.38,33.01,23.33,27.38,25.31,29.52,33.01,25.31
20500,"Durham-Chapel Hill, NC Metropolitan Statistical Area","504,357","278,907","139,744","56,915","24,788","4,003",55.3,27.71,11.28,4.91,0.79,47.4,47.98,41.94,47.4,32.39,56.36,47.98,32.39,52.48,41.94,56.36,52.48
20740,"Eau Claire, WI Metropolitan Statistical Area","161,151","149,946","2,593","2,604","4,652","1,356",93.05,1.61,1.62,2.89,0.84,33.88,19.08,33.9,33.88,26.34,36.52,19.08,26.34,28.68,33.9,36.52,28.68
20764,"Edison-New Brunswick, NJ Metropolitan Division","2,340,249","1,579,542","172,444","299,788","275,657","12,818",67.49,7.37,12.81,11.78,0.55,52.62,46.94,53.66,52.62,37.14,47.48,46.94,37.14,58.2,53.66,47.48,58.2
20940,"El Centro, CA Metropolitan Statistical Area","174,528","23,927","5,445","140,271","2,692","2,193",13.71,3.12,80.37,1.54,1.26,54.97,40.91,27.99,54.97,55.97,58.45,40.91,55.97,33.2,27.99,58.45,33.2
21060,"Elizabethtown, KY Metropolitan Statistical Area","119,736","95,235","14,142","5,718","3,350","1,291",79.54,11.81,4.78,2.8,1.08,40.4,32.3,35.45,40.4,18.48,17.35,32.3,18.48,19.9,35.45,17.35,19.9
21140,"Elkhart-Goshen, IN Metropolitan Statistical Area","197,559","152,555","13,153","27,886","2,531","1,434",77.22,6.66,14.12,1.28,0.73,48.04,42.83,20.74,48.04,34.32,46.32,42.83,34.32,37.63,20.74,46.32,37.63
21300,"Elmira, NY Metropolitan Statistical Area","88,830","77,643","6,946","2,240","1,307",694,87.41,7.82,2.52,1.47,0.78,47.63,30.99,30.43,47.63,18.12,60.75,30.99,18.12,47.69,30.43,60.75,47.69
21340,"El Paso, TX Metropolitan Statistical Area","800,647","105,246","23,000","658,134","10,408","3,859",13.15,2.87,82.2,1.3,0.48,29.94,43.26,20.53,29.94,45.17,28.81,43.26,45.17,47.46,20.53,28.81,47.46
21500,"Erie, PA Metropolitan Statistical Area","280,566","242,787","22,803","9,518","3,970","1,488",86.53,8.13,3.39,1.41,0.53,62.8,48.65,34.62,62.8,20.52,44.53,48.65,20.52,37.21,34.62,44.53,37.21
21660,"Eugene-Springfield, OR Metropolitan Statistical Area","351,715","297,808","5,559","26,167","13,002","9,179",84.67,1.58,7.44,3.7,2.61,22.86,23.43,28.68,22.86,19.49,22.47,23.43,19.49,36.02,28.68,22.47,36.02
21780,"Evansville, IN-KY Metropolitan Statistical Area","358,676","318,979","25,860","6,946","4,548","2,343",88.93,7.21,1.94,1.27,0.65,49.98,26.52,34.64,49.98,36.69,56.03,26.52,36.69,34.75,34.64,56.03,34.75
21820,"Fairbanks, AK Metropolitan Statistical Area","97,581","72,259","5,413","5,651","4,312","9,946",74.05,5.55,5.79,4.42,10.19,37.42,26.71,22.36,37.42,12.84,23.83,26.71,12.84,14.68,22.36,23.83,14.68
22020,"Fargo, ND-MN Metropolitan Statistical Area","208,777","188,964","5,364","5,071","5,412","3,966",90.51,2.57,2.43,2.59,1.9,30.14,23.32,30.16,30.14,28.3,27.7,23.32,28.3,34.3,30.16,27.7,34.3
22140,"Farmington, NM Metropolitan Statistical Area","130,044","55,254","1,060","24,776",850,"48,104",42.49,0.82,19.05,0.65,36.99,26.74,23.56,22.78,26.74,26.39,22.27,23.56,26.39,31.27,22.78,22.27,31.27
22180,"Fayetteville, NC Metropolitan Statistical Area","366,383","169,891","136,971","36,013","11,475","12,033",46.37,37.38,9.83,3.13,3.28,30.72,25.44,26.45,30.72,20.92,25.86,25.44,20.92,19.63,26.45,25.86,19.63
22220,"Fayetteville-Springdale-Rogers, AR-MO Metropolitan Statistical Area","463,204","353,302","10,638","69,087","18,015","12,162",76.27,2.3,14.92,3.89,2.63,38.57,48.67,38.41,38.57,52.12,37.31,48.67,52.12,33.26,38.41,37.31,33.26
22380,"Flagstaff, AZ Metropolitan Statistical Area","134,421","74,231","2,117","18,166","2,736","37,171",55.22,1.57,13.51,2.04,27.65,28.14,29.93,21.13,28.14,22.99,19.35,29.93,22.99,33.69,21.13,19.35,33.69
22420,"Flint, MI Metropolitan Statistical Area","425,790","309,683","92,991","12,983","5,277","4,856",72.73,21.84,3.05,1.24,1.14,67.27,23.44,35.64,67.27,55.94,65.95,23.44,55.94,40.19,35.64,65.95,40.19
22500,"Florence, SC Metropolitan Statistical Area","205,566","112,098","85,967","4,170","2,136","1,195",54.53,41.82,2.03,1.04,0.58,35.88,22.15,42.28,35.88,31.96,59.45,22.15,31.96,47.33,42.28,59.45,47.33
22520,"Florence-Muscle Shoals, AL Metropolitan Statistical Area","147,137","122,562","18,837","3,175","1,151","1,412",83.3,12.8,2.16,0.78,0.96,42.04,29.43,34.1,42.04,32.75,41.98,29.43,32.75,34.74,34.1,41.98,34.74
22540,"Fond du Lac, WI Metropolitan Statistical Area","101,633","93,398","1,704","4,368","1,373",790,91.9,1.68,4.3,1.35,0.78,34.87,27.14,23.52,34.87,22.6,23.92,27.14,22.6,23.59,23.52,23.92,23.59
22660,"Fort Collins-Loveland, CO Metropolitan Statistical Area","299,630","253,047","3,553","31,628","8,064","3,338",84.45,1.19,10.56,2.69,1.11,22.24,21.51,25.21,22.24,26.4,21.12,21.51,26.4,35.81,25.21,21.12,35.81
22744,"Fort Lauderdale-Pompano Beach-Deerfield Beach, FL Metropolitan Division","1,748,066","760,817","468,418","438,247","64,075","16,509",43.52,26.8,25.07,3.67,0.94,57.58,33.19,31.43,57.58,46.52,49.88,33.19,46.52,22.63,31.43,49.88,22.63
22900,"Fort Smith, AR-OK Metropolitan Statistical Area","298,592","226,828","12,525","24,468","7,771","27,000",75.97,4.19,8.19,2.6,9.04,50.36,48.29,45.5,50.36,22.85,29.2,48.29,22.85,28.81,45.5,29.2,28.81
23060,"Fort Wayne, IN Metropolitan Statistical Area","416,257","330,540","46,711","24,172","11,517","3,317",79.41,11.22,5.81,2.77,0.8,57.64,45,45.29,57.64,28.32,47.99,45,28.32,45.14,45.29,47.99,45.14
23104,"Fort Worth-Arlington, TX Metropolitan Division","2,136,022","1,199,500","283,224","532,818","99,716","20,764",56.16,13.26,24.94,4.67,0.97,56.3,45.61,41.14,56.3,43.2,41.73,45.61,43.2,47.23,41.14,41.73,47.23
23420,"Fresno, CA Metropolitan Statistical Area","930,450","304,522","50,062","468,070","95,580","12,216",32.73,5.38,50.31,10.27,1.31,49.48,46.49,35.31,49.48,41.92,35.95,46.49,41.92,40.21,35.31,35.95,40.21
23460,"Gadsden, AL Metropolitan Statistical Area","104,430","82,789","16,343","3,447",847,"1,004",79.28,15.65,3.3,0.81,0.96,66.37,43.94,37.94,66.37,38.31,60.81,43.94,38.31,47.05,37.94,60.81,47.05
23540,"Gainesville, FL Metropolitan Statistical Area","264,275","172,348","52,801","21,597","15,139","2,390",65.22,19.98,8.17,5.73,0.9,40.7,22.42,36.17,40.7,38.42,53.64,22.42,38.42,25.78,36.17,53.64,25.78
23580,"Gainesville, GA Metropolitan Statistical Area","179,684","114,300","13,653","46,906","3,646","1,179",63.61,7.6,26.1,2.03,0.66,43.61,52.9,30.6,43.61,33.57,37.5,52.9,33.57,39.37,30.6,37.5,39.37
23844,"Gary, IN Metropolitan Division","708,070","459,689","135,097","99,136","10,129","4,019",64.92,19.08,14,1.43,0.57,76.8,43.74,33.71,76.8,61.61,75.08,43.74,61.61,50.54,33.71,75.08,50.54
24020,"Glens Falls, NY Metropolitan Statistical Area","128,923","121,581","2,827","2,624",968,923,94.31,2.19,2.04,0.75,0.72,48.33,20.88,16.9,48.33,31.24,50.9,20.88,31.24,28.1,16.9,50.9,28.1
24140,"Goldsboro, NC Metropolitan Statistical Area","122,623","68,216","39,348","12,162","2,008",889,55.63,32.09,9.92,1.64,0.72,39.81,38.52,28.96,39.81,42.1,41.41,38.52,42.1,48.58,28.96,41.41,48.58
24220,"Grand Forks, ND-MN Metropolitan Statistical Area","98,461","87,768","2,087","3,671","2,002","2,933",89.14,2.12,3.73,2.03,2.98,34.27,30.4,38.26,34.27,36.71,29.77,30.4,36.71,43.41,38.26,29.77,43.41
24300,"Grand Junction, CO Metropolitan Statistical Area","146,723","121,944","1,357","19,552","1,844","2,026",83.11,0.92,13.33,1.26,1.38,21.23,23.07,15.4,21.23,12.99,22.03,23.07,12.99,24.86,15.4,22.03,24.86
24340,"Grand Rapids-Wyoming, MI Metropolitan Statistical Area","774,160","615,337","68,674","65,227","17,819","7,103",79.48,8.87,8.43,2.3,0.92,61.35,50.4,38.69,61.35,46.58,45.27,50.4,46.58,49.83,38.69,45.27,49.83
24500,"Great Falls, MT Metropolitan Statistical Area","81,327","71,100","1,513","2,711","1,270","4,733",87.42,1.86,3.33,1.56,5.82,32.38,21.36,17.73,32.38,18.53,21.43,21.36,18.53,15.21,17.73,21.43,15.21
24540,"Greeley, CO Metropolitan Statistical Area","252,825","170,827","2,893","71,680","4,215","3,210",67.57,1.14,28.35,1.67,1.27,35.1,36.9,24.19,35.1,34.71,29.34,36.9,34.71,40.6,24.19,29.34,40.6
24580,"Green Bay, WI Metropolitan Statistical Area","306,241","263,593","7,295","18,967","7,839","8,547",86.07,2.38,6.19,2.56,2.79,46.41,52.08,36.13,46.41,35.07,25.77,52.08,35.07,34.26,36.13,25.77,34.26
24660,"Greensboro-High Point, NC Metropolitan Statistical Area","723,801","449,177","190,045","54,683","23,396","6,500",62.06,26.26,7.55,3.23,0.9,54.07,41.07,45.51,54.07,37.35,44.94,41.07,37.35,41.89,45.51,44.94,41.89
24780,"Greenville, NC Metropolitan Statistical Area","189,510","106,076","66,559","12,256","3,374","1,245",55.97,35.12,6.47,1.78,0.66,29.19,34.21,30.21,29.19,30.44,41.32,34.21,30.44,55.04,30.21,41.32,55.04
24860,"Greenville-Mauldin-Easley, SC Metropolitan Statistical Area","636,986","467,055","109,891","42,967","13,112","3,961",73.32,17.25,6.75,2.06,0.62,42.73,37.87,40.35,42.73,36.51,55.63,37.87,36.51,45.17,40.35,55.63,45.17
25060,"Gulfport-Biloxi, MS Metropolitan Statistical Area","248,820","177,475","49,790","11,622","7,363","2,570",71.33,20.01,4.67,2.96,1.03,40.58,30.65,34.81,40.58,32.64,36.86,30.65,32.64,25.21,34.81,36.86,25.21
25180,"Hagerstown-Martinsburg, MD-WV Metropolitan Statistical Area","269,140","229,076","24,828","9,248","4,027","1,961",85.11,9.22,3.44,1.5,0.73,39.32,24.46,26.15,39.32,23.81,40.73,24.46,23.81,22.36,26.15,40.73,22.36
25260,"Hanford-Corcoran, CA Metropolitan Statistical Area","152,982","53,879","11,433","77,866","7,062","2,742",35.22,7.47,50.9,4.62,1.79,38.91,35.58,28.14,38.91,38.65,46.13,35.58,38.65,49.91,28.14,46.13,49.91
25420,"Harrisburg-Carlisle, PA Metropolitan Statistical Area","549,475","442,343","60,476","25,831","18,120","2,705",80.5,11.01,4.7,3.3,0.49,62.87,46.99,37.88,62.87,25.53,51.76,46.99,25.53,42.04,37.88,51.76,42.04
25500,"Harrisonburg, VA Metropolitan Statistical Area","125,228","105,031","4,984","11,741","2,835",637,83.87,3.98,9.38,2.26,0.51,35.56,45.24,44.28,35.56,22.84,30.4,45.24,22.84,34.04,44.28,30.4,34.04
25540,"Hartford-West Hartford-East Hartford, CT Metropolitan Statistical Area","1,212,381","868,016","132,273","151,219","53,099","7,774",71.6,10.91,12.47,4.38,0.64,62.32,58.36,34.95,62.32,38.26,55.75,58.36,38.26,53.41,34.95,55.75,53.41
25620,"Hattiesburg, MS Metropolitan Statistical Area","142,842","95,576","41,087","3,961","1,453",765,66.91,28.76,2.77,1.02,0.54,49.26,39.08,37.29,49.26,25.44,42.46,39.08,25.44,34.25,37.29,42.46,34.25
25860,"Hickory-Lenoir-Morganton, NC Metropolitan Statistical Area","365,497","302,096","27,731","23,063","10,199","2,408",82.65,7.59,6.31,2.79,0.66,40.93,38.82,35.38,40.93,27.76,42.06,38.82,27.76,39.23,35.38,42.06,39.23
25980,"Hinesville-Fort Stewart, GA Metropolitan Statistical Area","77,917","35,576","31,213","7,937","2,327",864,45.66,40.06,10.19,2.99,1.11,26.67,22.99,27.81,26.67,22.41,16.65,22.99,22.41,19.11,27.81,16.65,19.11
26100,"Holland-Grand Haven, MI Metropolitan Statistical Area","263,801","226,156","5,010","22,761","7,913","1,961",85.73,1.9,8.63,3,0.74,33.76,49.4,42.44,33.76,28.67,28.83,49.4,28.67,23.95,42.44,28.83,23.95
26180,"Honolulu, HI Metropolitan Statistical Area","953,207","181,684","28,575","77,433","658,866","6,649",19.06,3,8.12,69.12,0.7,32.14,31.94,40.07,32.14,25.31,41.51,31.94,25.31,26.86,40.07,41.51,26.86
26300,"Hot Springs, AR Metropolitan Statistical Area","96,024","80,621","8,398","4,622","1,011","1,372",83.96,8.75,4.81,1.05,1.43,46.14,27.74,17.92,46.14,25.04,40.62,27.74,25.04,25.07,17.92,40.62,25.07
26380,"Houma-Bayou Cane-Thibodaux, LA Metropolitan Statistical Area","208,178","151,869","35,205","8,068","2,418","10,618",72.95,16.91,3.88,1.16,5.1,42.57,26.38,26.63,42.57,39.57,41.78,26.38,39.57,29.03,26.63,41.78,29.03
26420,"Houston-Sugar Land-Baytown, TX Metropolitan Statistical Area","5,946,800","2,360,472","1,029,880","2,099,412","417,415","39,621",39.69,17.32,35.3,7.02,0.67,60.61,52.51,48.72,60.61,42.79,54.08,52.51,42.79,55.38,48.72,54.08,55.38
26580,"Huntington-Ashland, WV-KY-OH Metropolitan Statistical Area","287,702","270,988","9,747","2,707","2,234","2,026",94.19,3.39,0.94,0.78,0.7,50.32,25.47,37.31,50.32,37.59,45.44,25.47,37.59,33.23,37.31,45.44,33.23
26620,"Huntsville, AL Metropolitan Statistical Area","417,593","286,557","93,515","19,995","11,561","5,965",68.62,22.39,4.79,2.77,1.43,49.35,40.55,36.25,49.35,40.67,51.38,40.55,40.67,47.12,36.25,51.38,47.12
26820,"Idaho Falls, ID Metropolitan Statistical Area","130,374","111,798",981,"14,553","1,680","1,362",85.75,0.75,11.16,1.29,1.04,21.04,25.3,16.95,21.04,20.49,16.32,25.3,20.49,22.81,16.95,16.32,22.81
26900,"Indianapolis-Carmel, IN Metropolitan Statistical Area","1,756,241","1,310,092","278,581","108,259","47,370","11,939",74.6,15.86,6.16,2.7,0.68,64.5,47.26,38.29,64.5,41.73,62.75,47.26,41.73,50.29,38.29,62.75,50.29
26980,"Iowa City, IA Metropolitan Statistical Area","152,586","128,881","7,523","7,338","7,881",963,84.46,4.93,4.81,5.16,0.63,38.1,28.95,38.02,38.1,30.74,31.01,28.95,30.74,39.06,38.02,31.01,39.06
27060,"Ithaca, NY Metropolitan Statistical Area","101,564","81,490","4,969","4,264","9,834","1,007",80.24,4.89,4.2,9.68,0.99,26.54,26.45,49.61,26.54,17.44,43.7,26.45,17.44,32.11,49.61,43.7,32.11
27100,"Jackson, MI Metropolitan Statistical Area","160,248","137,588","14,806","4,837","1,511","1,506",85.86,9.24,3.02,0.94,0.94,57.45,26.51,29.84,57.45,37.4,57.97,26.51,37.4,33.85,29.84,57.97,33.85
27140,"Jackson, MS Metropolitan Statistical Area","539,057","260,512","258,753","11,391","6,512","1,889",48.33,48,2.11,1.21,0.35,55.77,42.92,36.69,55.77,44.98,65.44,42.92,44.98,46.03,36.69,65.44,46.03
27180,"Jackson, TN Metropolitan Statistical Area","115,425","71,897","38,018","3,649","1,216",645,62.29,32.94,3.16,1.05,0.56,49.1,34.36,38.55,49.1,37.25,51.62,34.36,37.25,31.01,38.55,51.62,31.01
27260,"Jacksonville, FL Metropolitan Statistical Area","1,345,596","885,040","299,323","92,879","56,114","12,240",65.77,22.24,6.9,4.17,0.91,52.06,27.59,34.61,52.06,41.73,49.58,27.59,41.73,22.33,34.61,49.58,22.33
27340,"Jacksonville, NC Metropolitan Statistical Area","177,772","122,558","29,643","17,896","5,421","2,254",68.94,16.67,10.07,3.05,1.27,27.48,20.88,21.92,27.48,16.22,19.14,20.88,16.22,14.74,21.92,19.14,14.74
27500,"Janesville, WI Metropolitan Statistical Area","160,331","135,526","9,451","12,124","2,181","1,049",84.53,5.89,7.56,1.36,0.65,51.06,37.7,23.99,51.06,20.54,46.84,37.7,20.54,37.78,23.99,46.84,37.78
27620,"Jefferson City, MO Metropolitan Statistical Area","149,807","131,411","12,163","3,172","1,700","1,361",87.72,8.12,2.12,1.13,0.91,46.8,33.32,37.72,46.8,38.99,38.43,33.32,38.99,27.91,37.72,38.43,27.91
27740,"Johnson City, TN Metropolitan Statistical Area","198,716","183,099","6,754","5,217","2,166","1,480",92.14,3.4,2.63,1.09,0.74,45.61,28.51,38.44,45.61,31.42,38.8,28.51,31.42,32.21,38.44,38.8,32.21
27780,"Johnstown, PA Metropolitan Statistical Area","143,679","134,073","6,161","2,006",953,486,93.31,4.29,1.4,0.66,0.34,60.75,38.42,40.3,60.75,30.21,66.37,38.42,30.21,49.49,40.3,66.37,49.49
27860,"Jonesboro, AR Metropolitan Statistical Area","121,026","98,641","15,215","4,820","1,399",951,81.5,12.57,3.98,1.16,0.79,43.28,30.81,44.58,43.28,22.91,35.67,30.81,22.91,34.43,44.58,35.67,34.43
27900,"Joplin, MO Metropolitan Statistical Area","175,518","151,986","3,896","10,564","3,280","5,792",86.59,2.22,6.02,1.87,3.3,32.23,36.11,24,32.23,43.64,33.88,36.11,43.64,37.7,24,33.88,37.7
28020,"Kalamazoo-Portage, MI Metropolitan Statistical Area","326,589","263,075","34,843","17,717","7,138","3,816",80.55,10.67,5.42,2.19,1.17,46.12,36.05,34.97,46.12,39.52,47.58,36.05,39.52,52.51,34.97,47.58,52.51
28100,"Kankakee-Bradley, IL Metropolitan Statistical Area","113,449","83,218","18,134","10,167","1,298",632,73.35,15.98,8.96,1.14,0.56,60.68,39.18,31.14,60.68,31.54,59.57,39.18,31.54,43.11,31.14,59.57,43.11
28140,"Kansas City, MO-KS Metropolitan Statistical Area","2,035,334","1,514,888","272,469","166,683","59,240","22,054",74.43,13.39,8.19,2.91,1.08,58.64,44.37,34.35,58.64,49.39,55.21,44.37,49.39,40.74,34.35,55.21,40.74
28420,"Kennewick-Pasco-Richland, WA Metropolitan Statistical Area","253,340","164,241","4,700","72,700","8,113","3,586",64.83,1.86,28.7,3.2,1.42,29.52,46.16,18.8,29.52,34.54,27.7,46.16,34.54,49.77,18.8,27.7,49.77
28660,"Killeen-Temple-Fort Hood, TX Metropolitan Statistical Area","405,300","218,901","82,733","82,426","16,421","4,819",54.01,20.41,20.34,4.05,1.19,41.26,24.74,35.02,41.26,25.41,19.71,24.74,25.41,27.07,35.02,19.71,27.07
28700,"Kingsport-Bristol-Bristol, TN-VA Metropolitan Statistical Area","309,544","293,968","7,248","4,169","2,043","2,116",94.97,2.34,1.35,0.66,0.68,40.22,20.44,27.75,40.22,30.61,37.91,20.44,30.61,27.91,27.75,37.91,27.91
28740,"Kingston, NY Metropolitan Statistical Area","182,493","149,099","12,055","15,909","3,847","1,583",81.7,6.61,8.72,2.11,0.87,38.51,29.53,20.91,38.51,22.73,38.76,29.53,22.73,34.32,20.91,38.76,34.32
28940,"Knoxville, TN Metropolitan Statistical Area","698,030","606,269","49,560","23,865","12,509","5,827",86.85,7.1,3.42,1.79,0.83,51.87,33.58,39.38,51.87,41.66,54.32,33.58,41.66,39.06,39.38,54.32,39.06
29020,"Kokomo, IN Metropolitan Statistical Area","98,688","87,446","6,775","2,549","1,089",829,88.61,6.87,2.58,1.1,0.84,42.1,18.39,30.09,42.1,27.4,40.6,18.39,27.4,30.86,30.09,40.6,30.86
29100,"La Crosse, WI-MN Metropolitan Statistical Area","133,665","122,899","2,487","1,873","5,393","1,013",91.95,1.86,1.4,4.03,0.76,31.84,19.71,28.92,31.84,17.47,23.22,19.71,17.47,21.88,28.92,23.22,21.88
29140,"Lafayette, IN Metropolitan Statistical Area","201,789","166,341","8,209","14,089","11,848","1,302",82.43,4.07,6.98,5.87,0.65,33.3,31.33,56.23,33.3,23.46,55.97,31.33,23.46,62.72,56.23,55.97,62.72
29180,"Lafayette, LA Metropolitan Statistical Area","273,738","182,803","74,583","9,668","4,420","2,264",66.78,27.25,3.53,1.61,0.83,44.32,24.23,27.93,44.32,44.67,57.14,24.23,44.67,27.65,27.93,57.14,27.65
29340,"Lake Charles, LA Metropolitan Statistical Area","199,607","140,168","49,458","5,099","2,622","2,260",70.22,24.78,2.55,1.31,1.13,60.78,20.75,37.06,60.78,45.75,61.92,20.75,45.75,34.59,37.06,61.92,34.59
29404,"Lake County-Kenosha County, IL-WI Metropolitan Division","869,888","588,593","63,660","159,579","52,546","5,510",67.66,7.32,18.34,6.04,0.63,58.87,54.82,36.11,58.87,34.34,61.92,54.82,34.34,57.4,36.11,61.92,57.4
29420,"Lake Havasu City-Kingman, AZ Metropolitan Statistical Area","200,186","159,378","2,492","29,569","3,343","5,404",79.61,1.24,14.77,1.67,2.7,20.85,18.27,16.55,20.85,21.87,18.59,18.27,21.87,26.2,16.55,18.59,26.2
29460,"Lakeland-Winter Haven, FL Metropolitan Statistical Area","602,095","388,769","90,114","106,532","11,737","4,943",64.57,14.97,17.69,1.95,0.82,42.79,32.29,26.92,42.79,36.74,46.68,32.29,36.74,37.52,26.92,46.68,37.52
29540,"Lancaster, PA Metropolitan Statistical Area","519,445","440,969","20,026","44,930","11,304","2,216",84.89,3.86,8.65,2.18,0.43,50.31,53.78,34.62,50.31,12.1,40.23,53.78,12.1,43.37,34.62,40.23,43.37
29620,"Lansing-East Lansing, MI Metropolitan Statistical Area","464,036","363,242","47,010","28,574","20,116","5,094",78.28,10.13,6.16,4.34,1.1,52.64,36.03,46.79,52.64,25.89,47.05,36.03,25.89,47.63,46.79,47.05,47.63
29700,"Laredo, TX Metropolitan Statistical Area","250,304","8,345",554,"239,653","1,452",300,3.33,0.22,95.74,0.58,0.12,28.9,30.69,34.91,28.9,40.09,40.32,30.69,40.09,53.84,34.91,40.32,53.84
29740,"Las Cruces, NM Metropolitan Statistical Area","209,233","62,992","3,460","137,514","2,771","2,496",30.11,1.65,65.72,1.32,1.19,22.35,34.39,30.07,22.35,39.7,24.82,34.39,39.7,52.87,30.07,24.82,52.87
29820,"Las Vegas-Paradise, NV Metropolitan Statistical Area","1,951,269","935,955","218,545","568,644","208,393","19,732",47.97,11.2,29.14,10.68,1.01,35.87,42.02,26.84,35.87,29.42,35.52,42.02,29.42,42.14,26.84,35.52,42.14
29940,"Lawrence, KS Metropolitan Statistical Area","110,826","90,532","5,682","5,651","5,117","3,844",81.69,5.13,5.1,4.62,3.47,24.97,18.67,27.35,24.97,11.47,22.95,18.67,11.47,22.67,27.35,22.95,22.67
30020,"Lawton, OK Metropolitan Statistical Area","124,098","73,122","23,774","13,896","4,670","8,636",58.92,19.16,11.2,3.76,6.96,27.8,17.79,21.95,27.8,15.88,17.02,17.79,15.88,14.19,21.95,17.02,14.19
30140,"Lebanon, PA Metropolitan Statistical Area","133,568","116,010","2,763","12,410","1,871",514,86.85,2.07,9.29,1.4,0.38,35.54,55.96,20.02,35.54,25.06,31.58,55.96,25.06,51.75,20.02,31.58,51.75
30300,"Lewiston, ID-WA Metropolitan Statistical Area","60,888","54,861",447,"1,752",750,"3,078",90.1,0.73,2.88,1.23,5.06,23.94,15.58,11.01,23.94,13.2,19.4,15.58,13.2,11.81,11.01,19.4,11.81
30340,"Lewiston-Auburn, ME Metropolitan Statistical Area","107,702","98,931","4,653","1,669","1,191","1,258",91.86,4.32,1.55,1.11,1.17,53.38,23.95,22.24,53.38,38.41,37.39,23.95,38.41,22.87,22.24,37.39,22.87
30460,"Lexington-Fayette, KY Metropolitan Statistical Area","472,099","372,839","55,641","27,760","12,749","3,110",78.97,11.79,5.88,2.7,0.66,45.74,38.85,39.26,45.74,31.25,52.76,38.85,31.25,55.61,39.26,52.76,55.61
30620,"Lima, OH Metropolitan Statistical Area","106,331","87,708","14,331","2,513","1,000",779,82.49,13.48,2.36,0.94,0.73,51.58,29.08,30.29,51.58,31.23,56.15,29.08,31.23,39.74,30.29,56.15,39.74
30700,"Lincoln, NE Metropolitan Statistical Area","302,157","256,854","13,277","16,957","11,716","3,353",85.01,4.39,5.61,3.88,1.11,37.03,34.48,34.3,37.03,14.78,28.54,34.48,14.78,28.89,34.3,28.54,28.89
30780,"Little Rock-North Little Rock-Conway, AR Metropolitan Statistical Area","699,757","487,009","159,574","33,575","12,796","6,803",69.6,22.8,4.8,1.83,0.97,57.97,39.73,35.91,57.97,35.45,53.65,39.73,35.45,43.22,35.91,53.65,43.22
30860,"Logan, UT-ID Metropolitan Statistical Area","125,442","108,026",898,"12,054","3,306","1,158",86.12,0.72,9.61,2.64,0.92,28.68,31.07,33.9,28.68,26.85,20.78,31.07,26.85,37.89,33.9,20.78,37.89
30980,"Longview, TX Metropolitan Statistical Area","214,369","141,499","38,385","30,240","2,153","2,092",66.01,17.91,14.11,1,0.98,37.56,35.94,32.37,37.56,24.24,40.34,35.94,24.24,42.47,32.37,40.34,42.47
31020,"Longview, WA Metropolitan Statistical Area","102,410","87,825","1,110","7,975","2,513","2,987",85.76,1.08,7.79,2.45,2.92,23.19,30.67,16.33,23.19,12.54,20.52,30.67,12.54,24.26,16.33,20.52,24.26
31084,"Los Angeles-Long Beach-Glendale, CA Metropolitan Division","9,818,605","2,728,321","876,512","4,687,889","1,460,160","65,723",27.79,8.93,47.74,14.87,0.67,64.99,63.35,47.58,64.99,51.1,63.93,63.35,51.1,55.61,47.58,63.93,55.61
31100,"Los Angeles-Long Beach-Santa Ana, CA Metropolitan Statistical Area","12,828,837","4,056,820","932,431","5,700,862","2,051,746","86,978",31.62,7.27,44.44,15.99,0.68,65.22,62.15,45.73,65.22,51.89,63.76,62.15,51.89,54.62,45.73,63.76,54.62
31140,"Louisville/Jefferson County, KY-IN Metropolitan Statistical Area","1,283,566","1,012,081","187,196","50,388","24,877","9,024",78.85,14.58,3.93,1.94,0.7,56.24,38.69,38.04,56.24,46.19,54.04,38.69,46.19,38.51,38.04,54.04,38.51
31180,"Lubbock, TX Metropolitan Statistical Area","284,890","162,440","21,371","92,095","6,714","2,270",57.02,7.5,32.33,2.36,0.8,46.16,36.11,32.63,46.16,32.01,55.52,36.11,32.01,49.33,32.63,55.52,49.33
31340,"Lynchburg, VA Metropolitan Statistical Area","252,634","194,849","46,507","5,234","3,982","2,062",77.13,18.41,2.07,1.58,0.82,36.19,25.45,38.56,36.19,32.95,53.82,25.45,32.95,28.38,38.56,53.82,28.38
31420,"Macon, GA Metropolitan Statistical Area","232,293","119,766","102,073","5,664","3,503","1,287",51.56,43.94,2.44,1.51,0.55,51.12,34.1,35.77,51.12,36.38,59.12,34.1,36.38,41.43,35.77,59.12,41.43
31460,"Madera-Chowchilla, CA Metropolitan Statistical Area","150,865","57,380","5,453","80,992","3,327","3,713",38.03,3.61,53.69,2.21,2.46,55.64,48.35,33.4,55.64,36.88,47.73,48.35,36.88,40.93,33.4,47.73,40.93
31540,"Madison, WI Metropolitan Statistical Area","568,593","476,020","31,038","30,705","26,962","3,868",83.72,5.46,5.4,4.74,0.68,46.49,40.14,41.46,46.49,21.62,40.31,40.14,21.62,38.3,41.46,40.31,38.3
31700,"Manchester-Nashua, NH Metropolitan Statistical Area","400,721","351,224","9,693","21,241","15,109","3,454",87.65,2.42,5.3,3.77,0.86,38.27,44.5,33.49,38.27,19.62,35.2,44.5,19.62,41.2,33.49,35.2,41.2
31740,"Manhattan, KS Metropolitan Statistical Area","127,081","96,848","12,745","9,819","5,894","1,775",76.21,10.03,7.73,4.64,1.4,40.11,27.49,27.83,40.11,15.09,31.68,27.49,15.09,28.03,27.83,31.68,28.03
31860,"Mankato-North Mankato, MN Metropolitan Statistical Area","96,740","88,338","2,942","2,812","2,120",528,91.31,3.04,2.91,2.19,0.55,34.65,22.13,31.14,34.65,28.36,14.2,22.13,28.36,28.89,31.14,14.2,28.89
31900,"Mansfield, OH Metropolitan Statistical Area","124,475","107,726","12,948","1,732","1,121",948,86.54,10.4,1.39,0.9,0.76,59.14,22.41,31.58,59.14,40.44,61.02,22.41,40.44,32.9,31.58,61.02,32.9
32580,"McAllen-Edinburg-Mission, TX Metropolitan Statistical Area","774,769","60,553","3,074","702,206","7,651","1,285",7.82,0.4,90.63,0.99,0.17,39.2,39.18,45.58,39.2,49.89,39.28,39.18,49.89,61.24,45.58,39.28,61.24
32780,"Medford, OR Metropolitan Statistical Area","203,206","170,023","2,241","21,745","4,475","4,722",83.67,1.1,10.7,2.2,2.32,23.57,28.65,17.43,23.57,21.17,19.43,28.65,21.17,30.06,17.43,19.43,30.06
32820,"Memphis, TN-MS-AR Metropolitan Statistical Area","1,316,100","608,449","607,230","65,395","28,247","6,779",46.23,46.14,4.97,2.15,0.52,62.22,50.67,37.19,62.22,47.24,63.03,50.67,47.24,52.12,37.19,63.03,52.12
32900,"Merced, CA Metropolitan Statistical Area","255,793","81,599","10,195","140,485","20,770","2,744",31.9,3.99,54.92,8.12,1.07,32.04,30.48,38.88,32.04,31.71,34.44,30.48,31.71,35.29,38.88,34.44,35.29
33100,"Miami-Fort Lauderdale-Pompano Beach, FL Metropolitan Statistical Area","5,564,635","1,937,939","1,137,108","2,312,929","141,994","34,665",34.83,20.43,41.56,2.55,0.62,63.95,57.36,32.71,63.95,61.91,56.22,57.36,61.91,47.74,32.71,56.22,47.74
33124,"Miami-Miami Beach-Kendall, FL Metropolitan Division","2,496,435","383,551","438,028","1,623,859","41,896","9,101",15.36,17.55,65.05,1.68,0.36,72.98,46.06,29.69,72.98,71.06,66.73,46.06,71.06,41.11,29.69,66.73,41.11
33140,"Michigan City-La Porte, IN Metropolitan Statistical Area","111,467","90,695","13,082","6,093",826,771,81.36,11.74,5.47,0.74,0.69,56.02,26.96,27.25,56.02,47.01,56.56,26.96,47.01,39,27.25,56.56,39
33260,"Midland, TX Metropolitan Statistical Area","136,872","72,822","9,224","51,600","1,940","1,286",53.2,6.74,37.7,1.42,0.94,47.49,41.02,25.6,47.49,32.16,54.07,41.02,32.16,53.11,25.6,54.07,53.11
33340,"Milwaukee-Waukesha-West Allis, WI Metropolitan Statistical Area","1,555,908","1,073,109","270,518","147,503","52,487","12,291",68.97,17.39,9.48,3.37,0.79,79.61,57.03,37.78,79.61,75.52,62.24,57.03,75.52,56.82,37.78,62.24,56.82
33460,"Minneapolis-St. Paul-Bloomington, MN-WI Metropolitan Statistical Area","3,279,833","2,578,117","276,987","176,283","210,803","37,643",78.61,8.45,5.37,6.43,1.15,50.19,42.5,39.56,50.19,31.79,35.67,42.5,31.79,37,39.56,35.67,37
33540,"Missoula, MT Metropolitan Statistical Area","109,299","99,489",868,"2,861","2,012","4,069",91.02,0.79,2.62,1.84,3.72,15.13,11.92,17.53,15.13,7.93,18.55,11.92,7.93,19.35,17.53,18.55,19.35
33660,"Mobile, AL Metropolitan Statistical Area","412,992","243,904","144,854","9,936","8,724","5,574",59.06,35.07,2.41,2.11,1.35,58.99,24.85,42.17,58.99,50.48,61.65,24.85,50.48,32.36,42.17,61.65,32.36
33700,"Modesto, CA Metropolitan Statistical Area","514,453","240,423","16,376","215,658","34,383","7,613",46.73,3.18,41.92,6.68,1.48,31.15,34.17,32.23,31.15,31.29,23.77,34.17,31.29,31.72,32.23,23.77,31.72
33740,"Monroe, LA Metropolitan Statistical Area","176,441","106,971","63,063","3,703","1,815",889,60.63,35.74,2.1,1.03,0.5,63.37,31.69,35.07,63.37,49.97,62.29,31.69,49.97,43.76,35.07,62.29,43.76
33780,"Monroe, MI Metropolitan Statistical Area","152,021","140,609","4,182","4,667","1,208","1,355",92.49,2.75,3.07,0.79,0.89,43.12,18.61,20.97,43.12,33.12,39.24,18.61,33.12,24.58,20.97,39.24,24.58
33860,"Montgomery, AL Metropolitan Statistical Area","374,536","192,543","160,914","11,840","6,914","2,325",51.41,42.96,3.16,1.85,0.62,54.3,42.72,47.57,54.3,45.21,57.19,42.72,45.21,53.02,47.57,57.19,53.02
34060,"Morgantown, WV Metropolitan Statistical Area","129,709","118,855","4,656","1,921","3,535",742,91.63,3.59,1.48,2.73,0.57,35.8,28.75,44.77,35.8,23.64,37.95,28.75,23.64,32.02,44.77,37.95,32.02
34100,"Morristown, TN Metropolitan Statistical Area","136,608","121,337","4,403","8,860",995,"1,013",88.82,3.22,6.49,0.73,0.74,38.73,45.5,30.83,38.73,25.76,29.53,45.5,25.76,37.53,30.83,29.53,37.53
34580,"Mount Vernon-Anacortes, WA Metropolitan Statistical Area","116,901","89,694","1,157","19,709","3,049","3,292",76.73,0.99,16.86,2.61,2.82,26.42,41.79,22.84,26.42,24.61,18.82,41.79,24.61,23.48,22.84,18.82,23.48
34620,"Muncie, IN Metropolitan Statistical Area","117,671","103,721","9,346","2,088","1,609",907,88.14,7.94,1.77,1.37,0.77,44.66,19.98,37.06,44.66,33.89,55.54,19.98,33.89,34.34,37.06,55.54,34.34
34740,"Muskegon-Norton Shores, MI Metropolitan Statistical Area","172,188","133,132","26,792","8,261","1,423","2,580",77.32,15.56,4.8,0.83,1.5,71.16,30.36,22.21,71.16,46.13,69.72,30.36,46.13,37.46,22.21,69.72,37.46
34820,"Myrtle Beach-North Myrtle Beach-Conway, SC Metropolitan Statistical Area","269,291","208,096","38,039","16,683","3,883","2,590",77.28,14.13,6.2,1.44,0.96,39.33,32.05,27.38,39.33,41.17,48.91,32.05,41.17,30.56,27.38,48.91,30.56
34900,"Napa, CA Metropolitan Statistical Area","136,484","76,967","3,070","44,010","10,853","1,584",56.39,2.25,32.25,7.95,1.16,58.76,30.13,57.05,58.76,59.35,14.66,30.13,59.35,57.45,57.05,14.66,57.45
34940,"Naples-Marco Island, FL Metropolitan Statistical Area","321,520","211,156","21,309","83,177","4,279","1,599",65.67,6.63,25.87,1.33,0.5,55.53,48.07,20.12,55.53,22.22,52.45,48.07,22.22,44.8,20.12,52.45,44.8
34980,"Nashville-Davidson--Murfreesboro--Franklin, TN Metropolitan Statistical Area","1,589,934","1,176,069","252,885","105,367","43,680","11,933",73.97,15.91,6.63,2.75,0.75,54.95,47.86,38.77,54.95,38.04,50.02,47.86,38.04,42.65,38.77,50.02,42.65
35004,"Nassau-Suffolk, NY Metropolitan Division","2,832,882","1,946,037","260,418","441,594","168,228","16,605",68.69,9.19,15.59,5.94,0.59,69.21,48.47,38.38,69.21,38.96,64.26,48.47,38.96,50.25,38.38,64.26,50.25
35084,"Newark-Union, NJ-PA Metropolitan Division","2,147,727","1,165,680","457,649","383,815","123,192","17,391",54.28,21.31,17.87,5.74,0.81,78.04,62.62,35.57,78.04,55.63,73,62.62,55.63,59.28,35.57,73,59.28
35300,"New Haven-Milford, CT Metropolitan Statistical Area","862,477","582,384","110,168","129,743","33,903","6,279",67.52,12.77,15.04,3.93,0.73,62.16,54.41,28.4,62.16,32.84,56.97,54.41,32.84,53.31,28.4,56.97,53.31
35380,"New Orleans-Metairie-Kenner, LA Metropolitan Statistical Area","1,167,764","628,878","400,452","91,922","35,765","10,747",53.85,34.29,7.87,3.06,0.92,63.33,38.28,45.19,63.33,52.67,58.84,38.28,52.67,38.74,45.19,58.84,38.74
35620,"New York-Northern New Jersey-Long Island, NY-NJ-PA Metropolitan Statistical","18,897,109","9,233,812","3,178,863","4,327,560","2,000,992","155,882",48.86,16.82,22.9,10.59,0.82,76.89,62,50.41,76.89,52.13,72.71,62,52.13,56.91,50.41,72.71,56.91
35644,"New York-White Plains-Wayne, NY-NJ Metropolitan Division","11,576,251","4,542,553","2,288,352","3,202,363","1,433,915","109,068",39.24,19.77,27.66,12.39,0.94,79.13,63.1,49.54,79.13,53.99,75.07,63.1,53.99,56.82,49.54,75.07,56.82
35660,"Niles-Benton Harbor, MI Metropolitan Statistical Area","156,813","119,389","25,455","7,054","3,144","1,771",76.13,16.23,4.5,2,1.13,69.27,30.67,41.66,69.27,55.14,71.99,30.67,55.14,40.95,41.66,71.99,40.95
35840,"North Port-Bradenton-Sarasota, FL Metropolitan Statistical Area","702,281","558,928","48,389","77,988","12,504","4,472",79.59,6.89,11.1,1.78,0.64,52.97,41.17,21.65,52.97,28.99,51.22,41.17,28.99,41.79,21.65,51.22,41.79
35980,"Norwich-New London, CT Metropolitan Statistical Area","274,055","214,605","18,584","23,214","13,392","4,260",78.31,6.78,8.47,4.89,1.55,48.92,45.59,34.97,48.92,12.82,37.23,45.59,12.82,38.24,34.97,37.23,38.24
36084,"Oakland-Fremont-Hayward, CA Metropolitan Division","2,559,296","1,015,482","307,786","595,449","615,626","24,953",39.68,12.03,23.27,24.05,0.97,56.63,48.32,42.32,56.63,36.71,50.45,48.32,36.71,44.6,42.32,50.45,44.6
36100,"Ocala, FL Metropolitan Statistical Area","331,298","245,136","41,662","36,137","5,399","2,964",73.99,12.58,10.91,1.63,0.89,47.26,31.78,32.84,47.26,31.77,43.62,31.78,31.77,31.38,32.84,43.62,31.38
36140,"Ocean City, NJ Metropolitan Statistical Area","97,265","84,522","5,036","6,054","1,111",542,86.9,5.18,6.22,1.14,0.56,46,39.73,23.5,46,31.64,32.2,39.73,31.64,40.56,23.5,32.2,40.56
36220,"Odessa, TX Metropolitan Statistical Area","137,130","56,306","6,047","72,331","1,284","1,162",41.06,4.41,52.75,0.94,0.85,39.31,33.77,26.03,39.31,33.65,40.12,33.77,33.65,43.13,26.03,40.12,43.13
36260,"Ogden-Clearfield, UT Metropolitan Statistical Area","547,184","452,785","8,969","64,690","15,549","5,191",82.75,1.64,11.82,2.84,0.95,29.15,35.81,17.91,29.15,21.6,22.51,35.81,21.6,31.75,17.91,22.51,31.75
36420,"Oklahoma City, OK Metropolitan Statistical Area","1,252,987","845,104","145,758","142,042","42,960","77,123",67.45,11.63,11.34,3.43,6.16,48.95,47.01,35.45,48.95,52.37,48.51,47.01,52.37,52.23,35.45,48.51,52.23
36500,"Olympia, WA Metropolitan Statistical Area","252,264","199,019","9,538","17,787","19,520","6,400",78.89,3.78,7.05,7.74,2.54,30.52,18.41,28.26,30.52,16.87,16.1,18.41,16.87,20.18,28.26,16.1,20.18
36540,"Omaha-Council Bluffs, NE-IA Metropolitan Statistical Area","865,350","681,172","75,916","77,508","22,735","8,019",78.72,8.77,8.96,2.63,0.93,58.21,48.79,33.14,58.21,55.78,52.82,48.79,55.78,50.65,33.14,52.82,50.65
36740,"Orlando-Kissimmee-Sanford, FL Metropolitan Statistical Area","2,134,411","1,136,863","339,119","538,856","97,931","21,642",53.26,15.89,25.25,4.59,1.01,49.29,40.2,32.29,49.29,44.54,46.01,40.2,44.54,33.04,32.29,46.01,33.04
36780,"Oshkosh-Neenah, WI Metropolitan Statistical Area","166,994","151,509","3,729","5,784","4,403","1,569",90.73,2.23,3.46,2.64,0.94,38.65,27.86,23.51,38.65,37.29,31.67,27.86,37.29,29.22,23.51,31.67,29.22
36980,"Owensboro, KY Metropolitan Statistical Area","114,752","104,565","5,899","2,725",949,614,91.12,5.14,2.37,0.83,0.54,44.24,32.19,31.12,44.24,28.89,41.4,32.19,28.89,35.15,31.12,41.4,35.15
37100,"Oxnard-Thousand Oaks-Ventura, CA Metropolitan Statistical Area","823,318","400,868","16,949","331,567","66,326","7,608",48.69,2.06,40.27,8.06,0.92,36.6,54.55,28.51,36.6,34.06,28.03,54.55,34.06,45.42,28.51,28.03,45.42
37340,"Palm Bay-Melbourne-Titusville, FL Metropolitan Statistical Area","543,376","421,466","57,825","43,943","14,989","5,153",77.56,10.64,8.09,2.76,0.95,45.24,24.96,18.82,45.24,28.7,46.88,24.96,28.7,24.57,18.82,46.88,24.57
37380,"Palm Coast, FL Metropolitan Statistical Area","95,696","72,860","11,287","8,251","2,437",861,76.14,11.79,8.62,2.55,0.9,25.08,21.13,20.27,25.08,10.38,14.31,21.13,10.38,9.06,20.27,14.31,9.06
37460,"Panama City-Lynn Haven-Panama City Beach, FL Metropolitan Statistical Area","168,852","133,790","19,567","8,107","4,796","2,592",79.24,11.59,4.8,2.84,1.54,43.7,19.32,22.33,43.7,33.72,33.53,19.32,33.72,18.36,22.33,33.53,18.36
37620,"Parkersburg-Marietta-Vienna, WV-OH Metropolitan Statistical Area","162,056","155,597","2,734","1,292","1,197","1,236",96.01,1.69,0.8,0.74,0.76,33.19,19.1,29.27,33.19,25.87,35.39,19.1,25.87,27.14,29.27,35.39,27.14
37700,"Pascagoula, MS Metropolitan Statistical Area","162,246","117,679","32,682","6,831","3,678","1,376",72.53,20.14,4.21,2.27,0.85,51.26,32.51,41.55,51.26,36.52,60.86,32.51,36.52,43.88,41.55,60.86,43.88
37764,"Peabody, MA Metropolitan Division","743,159","565,035","23,562","122,745","26,193","5,624",76.03,3.17,16.52,3.52,0.76,49.95,67.49,38.79,49.95,41.64,33.75,67.49,41.64,50.17,38.79,33.75,50.17
37860,"Pensacola-Ferry Pass-Brent, FL Metropolitan Statistical Area","448,991","325,627","79,936","20,568","15,264","7,596",72.52,17.8,4.58,3.4,1.69,46.8,21.62,26.19,46.8,39.12,42.49,21.62,39.12,17.56,26.19,42.49,17.56
37900,"Peoria, IL Metropolitan Statistical Area","379,186","319,493","38,243","10,516","8,469","2,465",84.26,10.09,2.77,2.23,0.65,68.62,35.86,49.37,68.62,40.25,66.1,35.86,40.25,49.72,49.37,66.1,49.72
37964,"Philadelphia, PA Metropolitan Division","4,008,994","2,544,561","908,761","297,666","236,902","21,104",63.47,22.67,7.42,5.91,0.53,73.73,58.79,41.75,73.73,58.05,65.64,58.79,58.05,53.62,41.75,65.64,53.62
37980,"Philadelphia-Camden-Wilmington, PA-NJ-DE-MD Metropolitan Statistical Area","5,965,343","3,875,845","1,264,163","468,168","324,412","32,755",64.97,21.19,7.85,5.44,0.55,67.04,55.06,40.26,67.04,50.57,61.42,55.06,50.57,52.93,40.26,61.42,52.93
38060,"Phoenix-Mesa-Glendale, AZ Metropolitan Statistical Area","4,192,887","2,460,541","225,946","1,235,718","172,375","98,307",58.68,5.39,29.47,4.11,2.34,41.31,49.34,29.89,41.31,28.96,36.31,49.34,28.96,48.4,29.89,36.31,48.4
38220,"Pine Bluff, AR Metropolitan Statistical Area","100,258","48,740","48,355","1,816",730,617,48.61,48.23,1.81,0.73,0.62,61.36,29.66,47.54,61.36,45,58.18,29.66,45,47.87,47.54,58.18,47.87
38300,"Pittsburgh, PA Metropolitan Statistical Area","2,356,285","2,051,163","216,539","29,969","48,164","10,450",87.05,9.19,1.27,2.04,0.44,63.07,28.56,48.86,63.07,49.47,68.93,28.56,49.47,40.57,48.86,68.93,40.57
38340,"Pittsfield, MA Metropolitan Statistical Area","131,219","118,926","4,709","4,530","2,138",916,90.63,3.59,3.45,1.63,0.7,37.13,31.53,27.02,37.13,20.03,37.57,31.53,20.03,29.73,27.02,37.57,29.73
38540,"Pocatello, ID Metropolitan Statistical Area","90,656","76,730",978,"7,915","1,894","3,139",84.64,1.08,8.73,2.09,3.46,25.82,25.26,21.17,25.82,33.14,20.22,25.26,33.14,36.39,21.17,20.22,36.39
38860,"Portland-South Portland-Biddeford, ME Metropolitan Statistical Area","514,098","480,553","10,338","7,976","10,598","4,633",93.47,2.01,1.55,2.06,0.9,45.2,23.77,30.4,45.2,30.13,30.64,23.77,30.13,20.68,30.4,30.64,20.68
38900,"Portland-Vancouver-Hillsboro, OR-WA Metropolitan Statistical Area","2,226,009","1,698,126","80,138","241,844","168,167","37,734",76.29,3.6,10.86,7.55,1.7,40.9,34.26,31.53,40.9,36.04,35.23,34.26,36.04,36.6,31.53,35.23,36.6
38940,"Port St. Lucie, FL Metropolitan Statistical Area","424,107","287,564","62,197","63,876","7,292","3,178",67.8,14.67,15.06,1.72,0.75,46.38,37.45,23.51,46.38,24.38,37.67,37.45,24.38,26.95,23.51,37.67,26.95
39100,"Poughkeepsie-Newburgh-Middletown, NY Metropolitan Statistical Area","670,301","476,071","68,444","98,452","22,350","4,984",71.02,10.21,14.69,3.33,0.74,45.99,36.51,27.62,45.99,23.82,44.37,36.51,23.82,38.01,27.62,44.37,38.01
39140,"Prescott, AZ Metropolitan Statistical Area","211,033","172,968","1,831","28,728","2,833","4,673",81.96,0.87,13.61,1.34,2.21,16.21,24.08,17.5,16.21,19.4,18.72,24.08,19.4,28.42,17.5,18.72,28.42
39300,"Providence-New Bedford-Fall River, RI-MA Metropolitan Statistical Area","1,600,852","1,273,029","86,791","163,675","48,377","28,980",79.52,5.42,10.22,3.02,1.81,50.81,60.11,36.49,50.81,26.06,40.59,60.11,26.06,45.85,36.49,40.59,45.85
39340,"Provo-Orem, UT Metropolitan Statistical Area","526,810","444,339","4,012","56,172","17,082","5,205",84.35,0.76,10.66,3.24,0.99,18.27,30.85,23.49,18.27,25.97,19.4,30.85,25.97,29.37,23.49,19.4,29.37
39380,"Pueblo, CO Metropolitan Statistical Area","159,063","86,054","3,263","65,811","1,734","2,201",54.1,2.05,41.37,1.09,1.38,30.99,29.81,26,30.99,19.56,33.54,29.81,19.56,38.74,26,33.54,38.74
39460,"Punta Gorda, FL Metropolitan Statistical Area","159,978","137,628","9,572","9,213","2,432","1,133",86.03,5.98,5.76,1.52,0.71,43.66,26.19,20.3,43.66,23.72,29.31,26.19,23.72,15.64,20.3,29.31,15.64
39540,"Racine, WI Metropolitan Statistical Area","195,408","145,414","23,378","22,546","2,615","1,455",74.42,11.96,11.54,1.34,0.74,51.99,45,22.7,51.99,17.41,51.86,45,17.41,47.84,22.7,51.86,47.84
39580,"Raleigh-Cary, NC Metropolitan Statistical Area","1,130,490","716,883","234,183","114,512","56,319","8,593",63.41,20.72,10.13,4.98,0.76,41.36,37.13,43.93,41.36,24.42,56.09,37.13,24.42,55.25,43.93,56.09,55.25
39660,"Rapid City, SD Metropolitan Statistical Area","126,382","105,389","2,244","4,817","1,997","11,935",83.39,1.78,3.81,1.58,9.44,26.38,22.59,20.98,26.38,16.87,13.74,22.59,16.87,13.44,20.98,13.74,13.44
39740,"Reading, PA Metropolitan Statistical Area","411,442","316,406","19,482","67,355","6,404","1,795",76.9,4.74,16.37,1.56,0.44,46.6,68.72,30.35,46.6,27.56,39.21,68.72,27.56,61.95,30.35,39.21,61.95
39820,"Redding, CA Metropolitan Statistical Area","177,223","146,044","2,473","14,878","6,021","7,807",82.41,1.4,8.4,3.4,4.41,26.31,13.46,24.44,26.31,22.72,18.51,13.46,22.72,20.64,24.44,18.51,20.64
39900,"Reno-Sparks, NV Metropolitan Statistical Area","425,417","281,745","11,992","93,952","28,867","8,861",66.23,2.82,22.08,6.79,2.08,31.75,39.93,23.29,31.75,22.4,23.03,39.93,22.4,32.49,23.29,23.03,32.49
40060,"Richmond, VA Metropolitan Statistical Area","1,258,251","754,328","384,455","63,289","45,556","10,623",59.95,30.55,5.03,3.62,0.84,51.64,44.88,41.02,51.64,42.45,60.8,44.88,42.45,47.01,41.02,60.8,47.01
40140,"Riverside-San Bernardino-Ontario, CA Metropolitan Statistical Area","4,224,851","1,546,666","336,944","1,996,402","300,272","44,567",36.61,7.98,47.25,7.11,1.05,43.96,42.36,38.18,43.96,32.53,38.64,42.36,32.53,44.79,38.18,38.64,44.79
40220,"Roanoke, VA Metropolitan Statistical Area","308,707","248,968","42,086","9,713","5,953","1,987",80.65,13.63,3.15,1.93,0.64,54.21,38.05,32.14,54.21,38.52,52.75,38.05,38.52,36.6,32.14,52.75,36.6
40340,"Rochester, MN Metropolitan Statistical Area","186,011","159,840","8,248","7,588","9,234","1,101",85.93,4.43,4.08,4.96,0.59,46.35,31.25,36.93,46.35,32.09,29.46,31.25,32.09,35.98,36.93,29.46,35.98
40380,"Rochester, NY Metropolitan Statistical Area","1,054,323","824,425","126,978","64,719","31,291","6,910",78.19,12.04,6.14,2.97,0.66,62.95,48.91,41.86,62.95,27.59,57.63,48.91,27.59,50.09,41.86,57.63,50.09
40420,"Rockford, IL Metropolitan Statistical Area","349,431","254,953","40,195","43,144","8,896","2,243",72.96,11.5,12.35,2.55,0.64,54.78,39.16,31.25,54.78,35.8,53.62,39.16,35.8,42.39,31.25,53.62,42.39
40484,"Rockingham County-Strafford County, NH Metropolitan Division","418,366","392,221","4,704","8,343","10,165","2,933",93.75,1.12,1.99,2.43,0.7,25.38,21.51,29.2,25.38,22.13,24.7,21.51,22.13,24.48,29.2,24.7,24.48
40580,"Rocky Mount, NC Metropolitan Statistical Area","152,392","73,130","68,940","8,119","1,048","1,155",47.99,45.24,5.33,0.69,0.76,35.86,34.62,37.17,35.86,45.11,48.47,34.62,45.11,52.15,37.17,48.47,52.15
40660,"Rome, GA Metropolitan Statistical Area","96,317","70,959","14,229","8,987","1,524",618,73.67,14.77,9.33,1.58,0.64,46.71,52.14,31.34,46.71,37.02,50.36,52.14,37.02,41.24,31.34,50.36,41.24
40900,"Sacramento--Arden-Arcade--Roseville, CA Metropolitan Statistical Area","2,149,127","1,197,389","178,639","433,734","305,994","33,371",55.72,8.31,20.18,14.24,1.55,54.45,38.85,46.77,54.45,33,29.96,38.85,33,37.11,46.77,29.96,37.11
40980,"Saginaw-Saginaw Township North, MI Metropolitan Statistical Area","200,169","141,187","39,332","15,573","2,548","1,529",70.53,19.65,7.78,1.27,0.76,64.88,42.51,45.04,64.88,35.54,72.68,42.51,35.54,58.06,45.04,72.68,58.06
41060,"St. Cloud, MN Metropolitan Statistical Area","189,093","172,353","6,561","4,822","4,158","1,199",91.15,3.47,2.55,2.2,0.63,51.51,30.42,37.33,51.51,48.94,29.27,30.42,48.94,37.27,37.33,29.27,37.27
41100,"St. George, UT Metropolitan Statistical Area","138,115","118,282","1,114","13,486","3,044","2,189",85.64,0.81,9.76,2.2,1.58,17.52,25.32,15.01,17.52,17.28,18.03,25.32,17.28,19.28,15.01,18.03,19.28
41140,"St. Joseph, MO-KS Metropolitan Statistical Area","127,329","111,905","7,574","5,348","1,277","1,225",87.89,5.95,4.2,1,0.96,37.89,28.64,34.64,37.89,30.3,36.07,28.64,30.3,28.79,34.64,36.07,28.79
41180,"St. Louis, MO-IL Metropolitan Statistical Area","2,812,896","2,112,954","537,484","72,019","72,712","17,727",75.12,19.11,2.56,2.58,0.63,70.65,30.65,40.77,70.65,59.92,68.64,30.65,59.92,38.06,40.77,68.64,38.06
41420,"Salem, OR Metropolitan Statistical Area","390,738","277,460","5,334","85,682","13,180","9,082",71.01,1.37,21.93,3.37,2.32,28.25,41.95,24.83,28.25,35.88,20.71,41.95,35.88,35.11,24.83,20.71,35.11
41500,"Salinas, CA Metropolitan Statistical Area","415,057","136,435","13,858","230,003","31,109","3,652",32.87,3.34,55.41,7.5,0.88,51.63,60.91,37.16,51.63,57.03,34.01,60.91,57.03,49.78,37.16,34.01,49.78
41540,"Salisbury, MD Metropolitan Statistical Area","125,203","79,563","36,268","5,341","3,092",939,63.55,28.97,4.27,2.47,0.75,41.96,31.57,29.03,41.96,26.67,49.82,31.57,26.67,39.03,29.03,49.82,39.03
41620,"Salt Lake City, UT Metropolitan Statistical Area","1,124,197","842,071","20,444","186,866","61,416","13,400",74.9,1.82,16.62,5.46,1.19,34.04,42.89,27,34.04,26.04,21.87,42.89,26.04,26.84,27,21.87,26.84
41660,"San Angelo, TX Metropolitan Statistical Area","111,823","64,952","4,573","39,722","1,589",987,58.08,4.09,35.52,1.42,0.88,33.53,36.38,27.57,33.53,25.01,25.02,36.38,25.01,37.05,27.57,25.02,37.05
41700,"San Antonio-New Braunfels, TX Metropolitan Statistical Area","2,142,508","773,807","140,948","1,158,148","54,969","14,636",36.12,6.58,54.06,2.57,0.68,47.74,46.08,36.14,47.74,44.77,40.79,46.08,44.77,51.13,36.14,40.79,51.13
41740,"San Diego-Carlsbad-San Marcos, CA Metropolitan Statistical Area","3,095,313","1,500,047","173,327","991,348","397,551","33,040",48.46,5.6,32.03,12.84,1.07,48.37,49.61,44.28,48.37,36.7,41.23,49.61,36.7,43.87,44.28,41.23,43.87
41780,"Sandusky, OH Metropolitan Statistical Area","77,079","65,463","7,826","2,604",574,612,84.93,10.15,3.38,0.74,0.79,61.01,24.29,26.97,61.01,39.25,54.44,24.29,39.25,34.66,26.97,54.44,34.66
41860,"San Francisco-Oakland-Fremont, CA Metropolitan Statistical Area","4,335,391","1,840,372","392,843","938,794","1,122,631","40,751",42.45,9.06,21.65,25.89,0.94,59.29,49.59,44.28,59.29,40.51,52.86,49.59,40.51,45.19,44.28,52.86,45.19
41884,"San Francisco-San Mateo-Redwood City, CA Metropolitan Division","1,776,095","824,890","85,057","343,345","507,005","15,798",46.44,4.79,19.33,28.55,0.89,54.13,50.11,46.67,54.13,43.83,46.76,50.11,43.83,44.56,46.67,46.76,44.56
41940,"San Jose-Sunnyvale-Santa Clara, CA Metropolitan Statistical Area","1,836,911","648,063","52,208","510,396","612,502","13,742",35.28,2.84,27.79,33.34,0.75,38.59,47.62,43.03,38.59,32.88,34.3,47.62,32.88,46.63,43.03,34.3,46.63
42020,"San Luis Obispo-Paso Robles, CA Metropolitan Statistical Area","269,637","191,696","6,254","55,973","11,532","4,182",71.09,2.32,20.76,4.28,1.55,47.34,28.36,22.84,47.34,42.41,51.57,28.36,42.41,34.38,22.84,51.57,34.38
42044,"Santa Ana-Anaheim-Irvine, CA Metropolitan Division","3,010,232","1,328,499","55,919","1,012,973","591,586","21,255",44.13,1.86,33.65,19.65,0.71,34.87,54.13,41.6,34.87,36.29,32.84,54.13,36.29,47.62,41.6,32.84,47.62
42060,"Santa Barbara-Santa Maria-Goleta, CA Metropolitan Statistical Area","423,895","203,122","9,405","181,687","25,215","4,466",47.92,2.22,42.86,5.95,1.05,37.5,45.26,28.48,37.5,36.96,32.33,45.26,36.96,37.37,28.48,32.33,37.37
42100,"Santa Cruz-Watsonville, CA Metropolitan Statistical Area","262,382","156,397","3,800","84,092","14,629","3,464",59.61,1.45,32.05,5.58,1.32,24.17,55.36,27.27,24.17,50.57,19.24,55.36,50.57,46.22,27.27,19.24,46.22
42140,"Santa Fe, NM Metropolitan Statistical Area","144,170","63,291","1,349","73,015","2,172","4,343",43.9,0.94,50.65,1.51,3.01,25.89,43.46,24.42,25.89,31.63,22.25,43.46,31.63,36.33,24.42,22.25,36.33
42220,"Santa Rosa-Petaluma, CA Metropolitan Statistical Area","483,878","320,027","9,979","120,430","25,177","8,265",66.14,2.06,24.89,5.2,1.71,30.66,34.81,24.09,30.66,23.55,17.67,34.81,23.55,26.96,24.09,17.67,26.96
42340,"Savannah, GA Metropolitan Statistical Area","347,611","199,249","119,682","17,207","9,012","2,461",57.32,34.43,4.95,2.59,0.71,48.72,34.69,29.19,48.72,40.32,43.4,34.69,40.32,23.24,29.19,43.4,23.24
42540,"Scranton--Wilkes-Barre, PA Metropolitan Statistical Area","563,631","502,578","17,796","32,610","8,348","2,299",89.17,3.16,5.79,1.48,0.41,49.33,52.72,37.37,49.33,39.76,45.47,52.72,39.76,52.04,37.37,45.47,52.04
42644,"Seattle-Bellevue-Everett, WA Metropolitan Division","2,644,584","1,781,114","164,886","236,627","415,923","46,034",67.35,6.23,8.95,15.73,1.74,46.65,33.31,33.23,46.65,30.92,32.64,33.31,30.92,32.19,33.23,32.64,32.19
42660,"Seattle-Tacoma-Bellevue, WA Metropolitan Statistical Area","3,439,809","2,340,274","234,477","309,476","490,579","65,003",68.03,6.82,9,14.26,1.89,45.65,32.8,33.87,45.65,29.55,33.31,32.8,29.55,31.18,33.87,33.31,31.18
42680,"Sebastian-Vero Beach, FL Metropolitan Statistical Area","138,028","106,780","12,833","15,465","2,051",899,77.36,9.3,11.2,1.49,0.65,45.58,37.45,18.76,45.58,44.31,42.75,37.45,44.31,35.03,18.76,42.75,35.03
43100,"Sheboygan, WI Metropolitan Statistical Area","115,507","100,520","2,162","6,329","5,699",797,87.03,1.87,5.48,4.93,0.69,43.59,38.78,44.21,43.59,28.29,33.03,38.78,28.29,17.71,44.21,33.03,17.71
43300,"Sherman-Denison, TX Metropolitan Statistical Area","120,877","95,103","7,786","13,688","1,442","2,858",78.68,6.44,11.32,1.19,2.36,44.57,33.96,28.25,44.57,26.75,34.41,33.96,26.75,27.13,28.25,34.41,27.13
43340,"Shreveport-Bossier City, LA Metropolitan Statistical Area","398,604","218,052","157,266","13,816","5,981","3,489",54.7,39.45,3.47,1.5,0.88,56.37,31.76,31.7,56.37,50.76,59.62,31.76,50.76,33.23,31.7,59.62,33.23
43580,"Sioux City, IA-NE-SD Metropolitan Statistical Area","143,577","109,779","4,439","22,339","3,850","3,170",76.46,3.09,15.56,2.68,2.21,44.76,53.03,38.36,44.76,24.36,21.51,53.03,24.36,23.17,38.36,21.51,23.17
43620,"Sioux Falls, SD Metropolitan Statistical Area","228,261","202,388","8,458","7,746","3,865","5,804",88.67,3.71,3.39,1.69,2.54,44.46,38.94,28.85,44.46,20.46,27.08,38.94,20.46,26.41,28.85,27.08,26.41
43780,"South Bend-Mishawaka, IN-MI Metropolitan Statistical Area","319,224","247,405","40,756","20,965","6,764","3,334",77.5,12.77,6.57,2.12,1.04,51.38,46.31,36.01,51.38,31.95,53.74,46.31,31.95,50.91,36.01,53.74,50.91
43900,"Spartanburg, SC Metropolitan Statistical Area","284,307","199,184","60,308","16,658","6,473","1,684",70.06,21.21,5.86,2.28,0.59,41.94,37.3,32.96,41.94,36.97,41.41,37.3,36.97,42.64,32.96,41.41,42.64
44060,"Spokane, WA Metropolitan Statistical Area","471,221","408,629","12,544","21,260","16,583","12,205",86.72,2.66,4.51,3.52,2.59,29.11,17.9,19.85,29.11,16.56,20.22,17.9,16.56,15.54,19.85,20.22,15.54
44100,"Springfield, IL Metropolitan Statistical Area","210,170","175,307","25,951","3,601","3,947","1,364",83.41,12.35,1.71,1.88,0.65,54.05,20.61,35.41,54.05,39.63,55.16,20.61,39.63,32.8,35.41,55.16,32.8
44140,"Springfield, MA Metropolitan Statistical Area","692,942","516,073","45,575","106,481","20,288","4,525",74.48,6.58,15.37,2.93,0.65,61.55,63.4,37.49,61.55,35.37,53.12,63.4,35.37,57.98,37.49,53.12,57.98
44180,"Springfield, MO Metropolitan Statistical Area","436,712","399,431","11,995","11,592","7,155","6,539",91.46,2.75,2.65,1.64,1.5,42.27,19.63,34.23,42.27,26.53,35.53,19.63,26.53,30.72,34.23,35.53,30.72
44220,"Springfield, OH Metropolitan Statistical Area","138,333","117,976","14,145","3,805","1,277","1,130",85.28,10.23,2.75,0.92,0.82,55.43,38.95,28.42,55.43,44.15,61.67,38.95,44.15,51.75,28.42,61.67,51.75
44300,"State College, PA Metropolitan Statistical Area","153,990","135,427","5,213","3,690","8,944",716,87.95,3.39,2.4,5.81,0.46,44.8,33.88,45.56,44.8,22.33,32.83,33.88,22.33,23.94,45.56,32.83,23.94
44600,"Steubenville-Weirton, OH-WV Metropolitan Statistical Area","124,454","115,903","5,956","1,250",702,643,93.13,4.79,1,0.56,0.52,52.15,27.19,34.45,52.15,31.1,43.81,27.19,31.1,30.68,34.45,43.81,30.68
44700,"Stockton, CA Metropolitan Statistical Area","685,306","245,919","55,241","266,341","109,405","8,400",35.88,8.06,38.86,15.96,1.23,45.2,34.06,45.89,45.2,32.59,28.65,34.06,32.59,39.02,45.89,28.65,39.02
44940,"Sumter, SC Metropolitan Statistical Area","107,456","50,423","51,027","3,532","1,662",812,46.92,47.49,3.29,1.55,0.76,34.77,24.43,26.83,34.77,23.11,43.62,24.43,23.11,32.47,26.83,43.62,32.47
45060,"Syracuse, NY Metropolitan Statistical Area","662,577","555,047","58,300","22,697","18,221","8,312",83.77,8.8,3.43,2.75,1.25,64.94,42.15,48.07,64.94,34.9,51.63,42.15,34.9,42.7,48.07,51.63,42.7
45104,"Tacoma, WA Metropolitan Division","795,225","559,160","69,591","72,849","74,656","18,969",70.31,8.75,9.16,9.39,2.39,40.38,31.12,31.54,40.38,22.46,19.96,31.12,22.46,18.75,31.54,19.96,18.75
45220,"Tallahassee, FL Metropolitan Statistical Area","367,413","211,958","121,153","21,342","10,062","2,898",57.69,32.97,5.81,2.74,0.79,43.89,31.8,32.11,43.89,30.67,50.78,31.8,30.67,37.73,32.11,50.78,37.73
45300,"Tampa-St. Petersburg-Clearwater, FL Metropolitan Statistical Area","2,783,243","1,879,437","333,068","452,208","96,173","22,357",67.53,11.97,16.25,3.46,0.8,54.32,40.67,33.1,54.32,41.91,49.66,40.67,41.91,37.63,33.1,49.66,37.63
45460,"Terre Haute, IN Metropolitan Statistical Area","172,425","155,488","9,996","3,200","2,439","1,302",90.18,5.8,1.86,1.41,0.76,55.33,30.95,43.19,55.33,29.01,45.12,30.95,29.01,38.75,43.19,45.12,38.75
45500,"Texarkana, TX-Texarkana, AR Metropolitan Statistical Area","136,027","92,034","33,949","7,100","1,230","1,714",67.66,24.96,5.22,0.9,1.26,42.13,34.46,29.32,42.13,31.45,38.02,34.46,31.45,31.57,29.32,38.02,31.57
45780,"Toledo, OH Metropolitan Statistical Area","651,429","503,966","93,978","37,733","11,288","4,464",77.36,14.43,5.79,1.73,0.69,63.2,31.39,37.04,63.2,52.56,60.55,31.39,52.56,50.83,37.04,60.55,50.83
45820,"Topeka, KS Metropolitan Statistical Area","233,870","186,502","18,235","20,615","3,127","5,391",79.75,7.8,8.81,1.34,2.31,49.22,43.16,35.89,49.22,24.54,48.11,43.16,24.54,47.29,35.89,48.11,47.29
45940,"Trenton-Ewing, NJ Metropolitan Statistical Area","366,513","199,909","74,437","55,318","35,151","1,698",54.54,20.31,15.09,9.59,0.46,62.76,55.56,43.13,62.76,41.47,73.07,55.56,41.47,65.54,43.13,73.07,65.54
46060,"Tucson, AZ Metropolitan Statistical Area","980,263","541,700","37,695","338,802","32,800","29,266",55.26,3.85,34.56,3.35,2.99,34.51,46.17,22.28,34.51,35.23,28.54,46.17,35.23,45.68,22.28,28.54,45.68
46140,"Tulsa, OK Metropolitan Statistical Area","937,478","635,628","89,456","78,446","20,859","113,089",67.8,9.54,8.37,2.23,12.06,54,45.25,37.59,54,41.98,54.15,45.25,41.98,42.18,37.59,54.15,42.18
46220,"Tuscaloosa, AL Metropolitan Statistical Area","219,461","134,386","74,953","6,158","2,863","1,101",61.23,34.15,2.81,1.3,0.5,54.34,34.69,37.44,54.34,45.97,58.23,34.69,45.97,41.52,37.44,58.23,41.52
46340,"Tyler, TX Metropolitan Statistical Area","209,714","130,246","38,580","36,088","3,116","1,684",62.11,18.4,17.21,1.49,0.8,48.47,53.77,33.07,48.47,28.65,57.03,53.77,28.65,63.8,33.07,57.03,63.8
46540,"Utica-Rome, NY Metropolitan Statistical Area","299,397","260,944","16,945","11,859","7,790","1,859",87.16,5.66,3.96,2.6,0.62,61.17,52.54,55.89,61.17,17.04,34.94,52.54,17.04,32.53,55.89,34.94,32.53
46660,"Valdosta, GA Metropolitan Statistical Area","139,588","80,113","48,143","7,735","2,390","1,207",57.39,34.49,5.54,1.71,0.86,44.27,28.84,31.46,44.27,37.63,43.61,28.84,37.63,42.12,31.46,43.61,42.12
46700,"Vallejo-Fairfield, CA Metropolitan Statistical Area","413,344","168,628","67,000","99,356","72,529","5,831",40.8,16.21,24.04,17.55,1.41,41.54,29.15,38.42,41.54,26.54,25.32,29.15,26.54,36.13,38.42,25.32,36.13
47020,"Victoria, TX Metropolitan Statistical Area","115,384","55,695","6,468","50,497","2,013",711,48.27,5.61,43.76,1.74,0.62,41.3,33.61,40.97,41.3,19.06,57.91,33.61,19.06,51.66,40.97,57.91,51.66
47220,"Vineland-Millville-Bridgeton, NJ Metropolitan Statistical Area","156,898","78,931","31,380","42,457","2,287","1,843",50.31,20,27.06,1.46,1.17,45.99,49.85,24.53,45.99,38.97,44.54,49.85,38.97,44.89,24.53,44.54,44.89
47260,"Virginia Beach-Norfolk-Newport News, VA-NC Metropolitan Statistical Area","1,671,683","955,896","537,971","89,567","73,542","14,707",57.18,32.18,5.36,4.4,0.88,46.89,32.17,31.35,46.89,35.39,46.61,32.17,35.39,28.28,31.35,46.61,28.28
47300,"Visalia-Porterville, CA Metropolitan Statistical Area","442,179","143,935","6,840","268,065","16,895","6,444",32.55,1.55,60.62,3.82,1.46,32.32,37.53,33.24,32.32,43.67,40.19,37.53,43.67,36.39,33.24,40.19,36.39
47380,"Waco, TX Metropolitan Statistical Area","234,906","138,295","35,477","55,471","3,936","1,727",58.87,15.1,23.61,1.68,0.74,51.17,44.32,40,51.17,28.94,56.1,44.32,28.94,53.32,40,56.1,53.32
47580,"Warner Robins, GA Metropolitan Statistical Area","139,900","84,703","41,108","8,515","4,427","1,147",60.55,29.38,6.09,3.16,0.82,24.3,28.06,18.83,24.3,16.75,30.36,28.06,16.75,28.84,18.83,30.36,28.84
47644,"Warren-Troy-Farmington Hills, MI Metropolitan Division","2,475,666","2,013,964","258,768","72,805","110,439","19,690",81.35,10.45,2.94,4.46,0.8,57.86,30.31,46.29,57.86,49.92,57.58,30.31,49.92,51.57,46.29,57.58,51.57
47894,"Washington-Arlington-Alexandria, DC-VA-MD-WV Metropolitan Division","4,377,008","2,050,848","1,282,438","588,262","422,800","32,660",46.86,29.3,13.44,9.66,0.75,64.13,48.15,36.54,64.13,53.36,64.7,48.15,53.36,41.34,36.54,64.7,41.34
47900,"Washington-Arlington-Alexandria, DC-VA-MD-WV Metropolitan Statistical Area","5,582,170","2,711,258","1,477,126","770,795","581,304","41,687",48.57,26.46,13.81,10.41,0.75,61.02,48.3,36.86,61.02,49.79,60.57,48.3,49.79,40.01,36.86,60.57,40.01
47940,"Waterloo-Cedar Falls, IA Metropolitan Statistical Area","167,819","145,617","13,464","5,268","2,678",792,86.77,8.02,3.14,1.6,0.47,60.18,42.63,30.98,60.18,33.01,55.15,42.63,33.01,42.34,30.98,55.15,42.34
48140,"Wausau, WI Metropolitan Statistical Area","134,063","121,007","1,322","2,992","7,695","1,047",90.26,0.99,2.23,5.74,0.78,39.77,24.11,41.54,39.77,29.57,24.52,24.11,29.57,36.74,41.54,24.52,36.74
48300,"Wenatchee-East Wenatchee, WA Metropolitan Statistical Area","110,884","77,272",548,"29,726","1,582","1,756",69.69,0.49,26.81,1.43,1.58,18.94,27.9,13.41,18.94,24.58,16.03,27.9,24.58,31.34,13.41,16.03,31.34
48424,"West Palm Beach-Boca Raton-Boynton Beach, FL Metropolitan Division","1,320,134","793,571","230,662","250,823","36,023","9,055",60.11,17.47,19,2.73,0.69,57.31,42.61,28.19,57.31,42.77,49.44,42.61,42.77,39.24,28.19,49.44,39.24
48540,"Wheeling, WV-OH Metropolitan Statistical Area","147,950","139,308","5,790","1,056",993,803,94.16,3.91,0.71,0.67,0.54,49.23,21.6,33.09,49.23,42.17,54.86,21.6,42.17,35.68,33.09,54.86,35.68
48620,"Wichita, KS Metropolitan Statistical Area","623,061","459,730","54,720","72,082","24,872","11,657",73.79,8.78,11.57,3.99,1.87,54.76,42.33,42.78,54.76,44.91,40.79,42.33,44.91,43.76,42.78,40.79,43.76
48660,"Wichita Falls, TX Metropolitan Statistical Area","151,306","108,124","14,552","23,001","3,429","2,200",71.46,9.62,15.2,2.27,1.45,48.74,35.19,32.08,48.74,37.52,39.68,35.19,37.52,40.28,32.08,39.68,40.28
48700,"Williamsport, PA Metropolitan Statistical Area","116,111","106,710","6,310","1,559",902,630,91.9,5.43,1.34,0.78,0.54,56.56,31.14,24.57,56.56,28.74,49.49,31.14,28.74,27.52,24.57,49.49,27.52
48864,"Wilmington, DE-MD-NJ Metropolitan Division","705,670","470,920","147,601","54,835","28,105","4,209",66.73,20.92,7.77,3.98,0.6,50.26,44.64,36.11,50.26,36.19,50.99,44.64,36.19,50.85,36.11,50.99,50.85
48900,"Wilmington, NC Metropolitan Statistical Area","362,315","281,017","53,577","19,459","4,532","3,730",77.56,14.79,5.37,1.25,1.03,45.84,32.09,24.92,45.84,34.21,51.49,32.09,34.21,40.37,24.92,51.49,40.37
49020,"Winchester, VA-WV Metropolitan Statistical Area","128,472","108,821","7,275","9,451","2,067",858,84.7,5.66,7.36,1.61,0.67,34.4,39.67,31.76,34.4,11.52,25.88,39.67,11.52,30.28,31.76,25.88,30.28
49180,"Winston-Salem, NC Metropolitan Statistical Area","477,717","317,660","99,220","49,274","8,290","3,273",66.5,20.77,10.31,1.74,0.69,56.07,48.83,38.63,56.07,31.73,51.27,48.83,31.73,50.06,38.63,51.27,50.06
49340,"Worcester, MA Metropolitan Statistical Area","798,552","644,299","34,621","75,422","35,873","8,337",80.68,4.34,9.44,4.49,1.04,49.29,52.67,42.9,49.29,25.3,38.7,52.67,25.3,45.97,42.9,38.7,45.97
49420,"Yakima, WA Metropolitan Statistical Area","243,231","116,024","2,635","109,470","3,654","11,448",47.7,1.08,45.01,1.5,4.71,36.19,49.94,23.79,36.19,43.04,35.54,49.94,43.04,48.68,23.79,35.54,48.68
49620,"York-Hanover, PA Metropolitan Statistical Area","434,972","374,779","26,596","24,397","6,735","2,465",86.16,6.11,5.61,1.55,0.57,47.4,52.19,26.87,47.4,16.94,41.46,52.19,16.94,47.75,26.87,41.46,47.75
49660,"Youngstown-Warren-Boardman, OH-PA Metropolitan Statistical Area","565,773","476,794","65,877","15,185","4,666","3,251",84.27,11.64,2.68,0.82,0.57,65.38,45.76,31.96,65.38,42.31,62.72,45.76,42.31,47.67,31.96,62.72,47.67
49700,"Yuba City, CA Metropolitan Statistical Area","166,892","90,198","5,357","45,302","21,172","4,863",54.05,3.21,27.14,12.69,2.91,26.39,24.61,31.36,26.39,27.91,37.43,24.61,27.91,35.3,31.36,37.43,35.3
49740,"Yuma, AZ Metropolitan Statistical Area","195,751","69,022","3,862","116,912","3,101","2,854",35.26,1.97,59.72,1.58,1.46,36.02,49.53,30.78,36.02,39.44,26.9,49.53,39.44,48.65,30.78,26.9,48.65
